sha,message,author,committer,url,total_changes,organization,repository
0fabdf7c04ff135dd8160f39bf7a0fbb2f402f46,Enhance documentation on Zarr store interactions (#204),Aimee Barciauskas,GitHub,https://github.com/cloudnativegeo/cloud-optimized-geospatial-formats-guide/commit/0fabdf7c04ff135dd8160f39bf7a0fbb2f402f46,1,cloudnativegeo,cloud-optimized-geospatial-formats-guide
848ee4d56e9bbc900d197d45a05cbb74fb5e40f5,Merge pull request #8 from developmentseed/deploy,Sean Harkins,GitHub,https://github.com/developmentseed/naqfc-virtualizarr-data-pipelines/commit/848ee4d56e9bbc900d197d45a05cbb74fb5e40f5,353,developmentseed,naqfc-virtualizarr-data-pipelines
1d39e3959475abeb9748a31c464f1c4d5ee60e35,Merge pull request #7 from developmentseed/fix/backfill_bucket,Sean Harkins,GitHub,https://github.com/developmentseed/naqfc-virtualizarr-data-pipelines/commit/1d39e3959475abeb9748a31c464f1c4d5ee60e35,283,developmentseed,naqfc-virtualizarr-data-pipelines
2565816291cba029f5c946a2b2b7c79130d7a1ab,Merge pull request #6 from developmentseed/fix/ooo_append,Sean Harkins,GitHub,https://github.com/developmentseed/naqfc-virtualizarr-data-pipelines/commit/2565816291cba029f5c946a2b2b7c79130d7a1ab,293,developmentseed,naqfc-virtualizarr-data-pipelines
0436917126d4e739edd0e04c377cfed47b80ad2f,Merge pull request #5 from developmentseed/fix/batchprocessor,Sean Harkins,GitHub,https://github.com/developmentseed/naqfc-virtualizarr-data-pipelines/commit/0436917126d4e739edd0e04c377cfed47b80ad2f,380,developmentseed,naqfc-virtualizarr-data-pipelines
b0bbef7764871668fdd40f617211e3a834f1c502,"fix: Update processor to support append, region and creation modes. (#2)",Sean Harkins,GitHub,https://github.com/developmentseed/naqfc-virtualizarr-data-pipelines/commit/b0bbef7764871668fdd40f617211e3a834f1c502,326,developmentseed,naqfc-virtualizarr-data-pipelines
43cc8a86994562d7f7aa9d5dd671bac76a17ca33,Formatting fix.,sharkinsspatial,sharkinsspatial,https://github.com/developmentseed/naqfc-virtualizarr-data-pipelines/commit/43cc8a86994562d7f7aa9d5dd671bac76a17ca33,15,developmentseed,naqfc-virtualizarr-data-pipelines
ffada79cdf1d0ed27c029e10471fd60f26c26b58,Fix multi-line bash formatting.,sharkinsspatial,sharkinsspatial,https://github.com/developmentseed/naqfc-virtualizarr-data-pipelines/commit/ffada79cdf1d0ed27c029e10471fd60f26c26b58,16,developmentseed,naqfc-virtualizarr-data-pipelines
cd50be2953919c940895565de1db103feba0b4b6,Update README with NAQFC specific instructions.,sharkinsspatial,sharkinsspatial,https://github.com/developmentseed/naqfc-virtualizarr-data-pipelines/commit/cd50be2953919c940895565de1db103feba0b4b6,34,developmentseed,naqfc-virtualizarr-data-pipelines
d7724368a39354fa65ce75ce629e61a729d6a632,Refactoring to support variable/domain specific stack configuration.,sharkinsspatial,sharkinsspatial,https://github.com/developmentseed/naqfc-virtualizarr-data-pipelines/commit/d7724368a39354fa65ce75ce629e61a729d6a632,1997,developmentseed,naqfc-virtualizarr-data-pipelines
1db3e3e9b1bfb1116c83da19987213f3ad9b9585,Don't include a materialized valid_time coordinate.,sharkinsspatial,sharkinsspatial,https://github.com/developmentseed/naqfc-virtualizarr-data-pipelines/commit/1db3e3e9b1bfb1116c83da19987213f3ad9b9585,187,developmentseed,naqfc-virtualizarr-data-pipelines
29ae7162669f7cae48f5d9ab0c48a0d14130f691,First.,sharkinsspatial,sharkinsspatial,https://github.com/developmentseed/naqfc-virtualizarr-data-pipelines/commit/29ae7162669f7cae48f5d9ab0c48a0d14130f691,2621,developmentseed,naqfc-virtualizarr-data-pipelines
c27fc8d4d668a8e5e85e6d13b73589322807fb41,Initial commit,Sean Harkins,GitHub,https://github.com/developmentseed/naqfc-virtualizarr-data-pipelines/commit/c27fc8d4d668a8e5e85e6d13b73589322807fb41,32900,developmentseed,naqfc-virtualizarr-data-pipelines
bca60b5b4317c653827ba3c0aade16e369cd5a7a,feat: add xarray dataset coordinate endpoint (#1504),Henry Rodman,GitHub,https://github.com/developmentseed/titiler/commit/bca60b5b4317c653827ba3c0aade16e369cd5a7a,189,developmentseed,titiler
be16dd0c32173647e06b5f242fa7a6a4d2500980,fix(deps): upgrade otel instrumentation packages (#217),Henry Rodman,GitHub,https://github.com/developmentseed/titiler-cmr/commit/be16dd0c32173647e06b5f242fa7a6a4d2500980,108,developmentseed,titiler-cmr
f4fe3b56e01ebcbe4188c9df89cf7da01759e378,feat: add EDL support for Icechunk stores (#147),Max Jones,GitHub,https://github.com/developmentseed/titiler-multidim/commit/f4fe3b56e01ebcbe4188c9df89cf7da01759e378,2183,developmentseed,titiler-multidim
1798f2e183e2a1bc5fdb9c94e2f98ce44b580628,fix: stop CDNs from caching error responses (#148),Max Jones,GitHub,https://github.com/developmentseed/titiler-multidim/commit/1798f2e183e2a1bc5fdb9c94e2f98ce44b580628,16,developmentseed,titiler-multidim
4d1c305130b2a60a45e328da4ff52c68174ab6a7,"feat: typed, opt-in configuration for icechunk virtual chunk access (…",Max Jones,GitHub,https://github.com/developmentseed/titiler-multidim/commit/4d1c305130b2a60a45e328da4ff52c68174ab6a7,445,developmentseed,titiler-multidim
93a168872b520bc5770122b14b8414dc3edd80d2,refactor: reader readability and typing cleanups (#145),Max Jones,GitHub,https://github.com/developmentseed/titiler-multidim/commit/93a168872b520bc5770122b14b8414dc3edd80d2,92,developmentseed,titiler-multidim
32e26673f3afab37fc39f27d42a400d3d6f470dd,chore: require icechunk >=2.1 (#142),Max Jones,GitHub,https://github.com/developmentseed/titiler-multidim/commit/32e26673f3afab37fc39f27d42a400d3d6f470dd,52,developmentseed,titiler-multidim
d8b27d5560f9d439bac4ae99d7bc4cadcbbe2676,ci: make CDK checks anonymous so they run on fork PRs (#144),Max Jones,GitHub,https://github.com/developmentseed/titiler-multidim/commit/d8b27d5560f9d439bac4ae99d7bc4cadcbbe2676,67,developmentseed,titiler-multidim
bc834d7f2a080baeef3648cb73e81c874e52ce04,Merge pull request #29 from developmentseed/fix/batchprocessor,Sean Harkins,GitHub,https://github.com/developmentseed/virtualizarr-data-pipelines/commit/bc834d7f2a080baeef3648cb73e81c874e52ce04,379,developmentseed,virtualizarr-data-pipelines
dd2519df42eb9b9e3964b38760914e5d7cc54c03,Merge pull request #26 from developmentseed/processor_write_modes,Sean Harkins,GitHub,https://github.com/developmentseed/virtualizarr-data-pipelines/commit/dd2519df42eb9b9e3964b38760914e5d7cc54c03,364,developmentseed,virtualizarr-data-pipelines
55390a4165b5638c21f88122e5f731b715eb16e5,Merge pull request #28 from developmentseed/fix/backfill_bucket,Sean Harkins,GitHub,https://github.com/developmentseed/virtualizarr-data-pipelines/commit/55390a4165b5638c21f88122e5f731b715eb16e5,167,developmentseed,virtualizarr-data-pipelines
befcd06f2e3f44d283dcaafa48208464cd9b9c50,Merge pull request #27 from developmentseed/fix/icechunk_region,Sean Harkins,GitHub,https://github.com/developmentseed/virtualizarr-data-pipelines/commit/befcd06f2e3f44d283dcaafa48208464cd9b9c50,84,developmentseed,virtualizarr-data-pipelines
23d560404ba344b940e3d73b06497cf348d6d2a9,fix: install aws-cdk where uv can find it (#19),Max Jones,GitHub,https://github.com/developmentseed/virtualizarr-data-pipelines/commit/23d560404ba344b940e3d73b06497cf348d6d2a9,16,developmentseed,virtualizarr-data-pipelines
ad5fdf576d215195d17981b790efc85a3f4090ae,Merge pull request #20 from developmentseed/fix/partitioned_errors,Sean Harkins,GitHub,https://github.com/developmentseed/virtualizarr-data-pipelines/commit/ad5fdf576d215195d17981b790efc85a3f4090ae,162,developmentseed,virtualizarr-data-pipelines
3844ddc1e59849f35d7655dbb9708d05b3faf429,Merge pull request #15 from developmentseed/partitioned_processing,Sean Harkins,GitHub,https://github.com/developmentseed/virtualizarr-data-pipelines/commit/3844ddc1e59849f35d7655dbb9708d05b3faf429,26100,developmentseed,virtualizarr-data-pipelines
ea5200a00189f237becc78113a88cc7dfa803ae8,docs: add dark-mode variant of architecture figure (#17),Max Jones,GitHub,https://github.com/developmentseed/virtualizarr-data-pipelines/commit/ea5200a00189f237becc78113a88cc7dfa803ae8,4,developmentseed,virtualizarr-data-pipelines
cc848d2cfe1d0fe30fb4a17f693dccffc6a92c3e,Fix typo in .env.sample (#16),Max Jones,GitHub,https://github.com/developmentseed/virtualizarr-data-pipelines/commit/cc848d2cfe1d0fe30fb4a17f693dccffc6a92c3e,12,developmentseed,virtualizarr-data-pipelines
4d55316602c4172c242dcb1559930efb78b09cde,chore: update tests to pass in string datatype directly (#204),Kyle Barron,GitHub,https://github.com/developmentseed/zarrista/commit/4d55316602c4172c242dcb1559930efb78b09cde,52,developmentseed,zarrista
c6af186039d326b61e46c6b5e63646ba53dd5d11,feat: Associate each `FillValue` with a specific `DataType` (#197),Kyle Barron,GitHub,https://github.com/developmentseed/zarrista/commit/c6af186039d326b61e46c6b5e63646ba53dd5d11,1239,developmentseed,zarrista
919d853e747d92d2a58e3d01da4d7e800a5c7bce,chore(deps): bump pyodide-build to 0.39.0 (#195),Kyle Barron,GitHub,https://github.com/developmentseed/zarrista/commit/919d853e747d92d2a58e3d01da4d7e800a5c7bce,268,developmentseed,zarrista
92d26b65b90e9715d5c658c71b9216449f25ae64,docs: 0.1 release blog post (#182),Kyle Barron,GitHub,https://github.com/developmentseed/zarrista/commit/92d26b65b90e9715d5c658c71b9216449f25ae64,7769,developmentseed,zarrista
e2bf68a58d55f9da1c248222b479610528c75e18,chore: Set version to 0.1.0-rc.1 (#180),Kyle Barron,GitHub,https://github.com/developmentseed/zarrista/commit/e2bf68a58d55f9da1c248222b479610528c75e18,9,developmentseed,zarrista
01231a011fd605d1c7bc636c049c9243b3cba1b5,perf: Opt-in to zlib-rs for gzip encode/decode (#179),Kyle Barron,GitHub,https://github.com/developmentseed/zarrista/commit/01231a011fd605d1c7bc636c049c9243b3cba1b5,12,developmentseed,zarrista
a38d3a99d4ec608717e1fccbf4497ea88c349731,feat: array setitem (#178),Kyle Barron,GitHub,https://github.com/developmentseed/zarrista/commit/a38d3a99d4ec608717e1fccbf4497ea88c349731,51,developmentseed,zarrista
a515a14f88caf2d4fccb901dd05eb2280cebe90b,refactor!: Positional-only param API review (#177),Kyle Barron,GitHub,https://github.com/developmentseed/zarrista/commit/a515a14f88caf2d4fccb901dd05eb2280cebe90b,583,developmentseed,zarrista
93e357bcd9f9b3cc3a62f4a85c8fa4b4f579aa8f,docs: Docs pass for 0.1 (#176),Kyle Barron,GitHub,https://github.com/developmentseed/zarrista/commit/93e357bcd9f9b3cc3a62f4a85c8fa4b4f579aa8f,787,developmentseed,zarrista
6af1bdd10100345749d152264eb61552b322cfc6,feat: Support setting attrs and consolidated metadata on `Group` (#174),Kyle Barron,GitHub,https://github.com/developmentseed/zarrista/commit/6af1bdd10100345749d152264eb61552b322cfc6,340,developmentseed,zarrista
1018965daa5e3727ad9c5acc27f6732b86a2460b,refactor!: Rename the decoded result types to the `Tensor` family (#172),Kyle Barron,GitHub,https://github.com/developmentseed/zarrista/commit/1018965daa5e3727ad9c5acc27f6732b86a2460b,478,developmentseed,zarrista
05bda50f89801b9c9bed5e6f8f0506b848b7b078,bump beta to 0.1.0-beta.8 (#169),Kyle Barron,GitHub,https://github.com/developmentseed/zarrista/commit/05bda50f89801b9c9bed5e6f8f0506b848b7b078,4,developmentseed,zarrista
6201e2972f23c5dfa58e382d41c979306cf2b4a2,feat: Implement `__repr__` for remaining types (#168),Kyle Barron,GitHub,https://github.com/developmentseed/zarrista/commit/6201e2972f23c5dfa58e382d41c979306cf2b4a2,161,developmentseed,zarrista
a72655dced34ce4194b73ced1284b4e75047d2a4,feat: Consistency pass for `__repr__` (#167),Kyle Barron,GitHub,https://github.com/developmentseed/zarrista/commit/a72655dced34ce4194b73ced1284b4e75047d2a4,222,developmentseed,zarrista
b9767d031aee340082ed3db4d7370307da47f84a,feat: Add `__repr__` to the decoded array types (#166),Kyle Barron,GitHub,https://github.com/developmentseed/zarrista/commit/b9767d031aee340082ed3db4d7370307da47f84a,68,developmentseed,zarrista
76e722d20c7908124ffe1b6305cf1ab1f216b6e1,fix: Improve `__repr__` for codec/encoding types (#165),Kyle Barron,GitHub,https://github.com/developmentseed/zarrista/commit/76e722d20c7908124ffe1b6305cf1ab1f216b6e1,135,developmentseed,zarrista
c6902bdc51470ffda5bdd70e03c5beb0813e5476,docs: Clarify the chunk selection in `store_chunks` (#164),Kyle Barron,GitHub,https://github.com/developmentseed/zarrista/commit/c6902bdc51470ffda5bdd70e03c5beb0813e5476,93,developmentseed,zarrista
93e80d56b0b3ac48f8a6b393548cf9394167b03e,refactor!: Drop the `_async` suffix from methods on async classes (#162),Kyle Barron,GitHub,https://github.com/developmentseed/zarrista/commit/93e80d56b0b3ac48f8a6b393548cf9394167b03e,64,developmentseed,zarrista
05e1526e155bd77e8bddda26ada4b4b454aad529,refactor!: Rename `subchunk_cache` to `shard_cache` (#161),Kyle Barron,GitHub,https://github.com/developmentseed/zarrista/commit/05e1526e155bd77e8bddda26ada4b4b454aad529,148,developmentseed,zarrista
5ce684fb0b16323a914bcfe3d2b1feb4f0602ada,refactor!: Rename the `store` accessor to `storage` (#160),Kyle Barron,GitHub,https://github.com/developmentseed/zarrista/commit/5ce684fb0b16323a914bcfe3d2b1feb4f0602ada,34,developmentseed,zarrista
70a00ba90fc051f29c28121dc3c9077bbf232091,feat: Add read-only zipped-zarr support via zarrs_zip (#152),Kyle Barron,GitHub,https://github.com/developmentseed/zarrista/commit/70a00ba90fc051f29c28121dc3c9077bbf232091,714,developmentseed,zarrista
165db42c398da0f623aa6522097ddf6c9727829e,feat: Support exporting temporal tensor data to numpy (#150),Kyle Barron,GitHub,https://github.com/developmentseed/zarrista/commit/165db42c398da0f623aa6522097ddf6c9727829e,154,developmentseed,zarrista
2604207d43f6009855e24bce635adae461f81e50,test: Add test for reading complex32 and complex64 tensor to numpy (#…,Kyle Barron,GitHub,https://github.com/developmentseed/zarrista/commit/2604207d43f6009855e24bce635adae461f81e50,72,developmentseed,zarrista
f5b4e3f0b3bb280b5520d53c9cdeeac39e5ea473,feat: Support machine-learning dtypes with microfloat feature (#148),Kyle Barron,GitHub,https://github.com/developmentseed/zarrista/commit/f5b4e3f0b3bb280b5520d53c9cdeeac39e5ea473,244,developmentseed,zarrista
b620d91313c59c27a5f4514f2835225f073d3000,feat: Export zarr variable-length binary to numpy (#146),Kyle Barron,GitHub,https://github.com/developmentseed/zarrista/commit/b620d91313c59c27a5f4514f2835225f073d3000,75,developmentseed,zarrista
e20ce09734bfc47284d18dea34a34c5b2347a16d,feat: Export variable-length string dtype to numpy (#145),Kyle Barron,GitHub,https://github.com/developmentseed/zarrista/commit/e20ce09734bfc47284d18dea34a34c5b2347a16d,235,developmentseed,zarrista
2c9dc560a3b29805012ad9ad7758c80b5a640803,feat: implement `Array.store_chunks` (#141),Kyle Barron,GitHub,https://github.com/developmentseed/zarrista/commit/2c9dc560a3b29805012ad9ad7758c80b5a640803,199,developmentseed,zarrista
2cdc5f7c7209186577ef7538aef6db08a709f609,feat: Add method to change the `attrs` on an Array (#140),Kyle Barron,GitHub,https://github.com/developmentseed/zarrista/commit/2cdc5f7c7209186577ef7538aef6db08a709f609,162,developmentseed,zarrista
55e5cb7f33b8ffb7b5bbbcfa0608b883fae78f99,feat: Add user-accessible APIs for managing shard index caching (#137),Kyle Barron,GitHub,https://github.com/developmentseed/zarrista/commit/55e5cb7f33b8ffb7b5bbbcfa0608b883fae78f99,548,developmentseed,zarrista
e3e27e0a54991a61f002265620c9bc5ec8447f6f,perf: Release GIL for synchronous methods (#134),Kyle Barron,GitHub,https://github.com/developmentseed/zarrista/commit/e3e27e0a54991a61f002265620c9bc5ec8447f6f,475,developmentseed,zarrista
3dc9d880bb24ae36797988e88da935bffea6be56,feat: Handle DLPack input when writing array chunks (#132),Kyle Barron,GitHub,https://github.com/developmentseed/zarrista/commit/3dc9d880bb24ae36797988e88da935bffea6be56,816,developmentseed,zarrista
d4573df2ea107b9fe97ee8bef9352d86294161fe,"feat: Make `retrieve_encoded_subchunk` return a `EncodedChunk` class,…",Kyle Barron,GitHub,https://github.com/developmentseed/zarrista/commit/d4573df2ea107b9fe97ee8bef9352d86294161fe,392,developmentseed,zarrista
19a0de86caf3fa5bf14a441ad5189b8a57125708,fix: Release the GIL through a helper that compiles on wasm32 (#130),Kyle Barron,GitHub,https://github.com/developmentseed/zarrista/commit/19a0de86caf3fa5bf14a441ad5189b8a57125708,34,developmentseed,zarrista
fe1925f9d349bcbf42e43f3a60f5660baa1bf13f,feat: Refactor user-facing codec/encoded chunk API (#126),Kyle Barron,GitHub,https://github.com/developmentseed/zarrista/commit/fe1925f9d349bcbf42e43f3a60f5660baa1bf13f,791,developmentseed,zarrista
6814fffbcabf54a2cff6ea378b8ea5d269844562,docs: Make pass on Python docstrings; improve CI validation (#121),Kyle Barron,GitHub,https://github.com/developmentseed/zarrista/commit/6814fffbcabf54a2cff6ea378b8ea5d269844562,1849,developmentseed,zarrista
27b41d1048497ba1772bc9c7d166ac5d6af51c67,feat: add Array.with_shape and Array.with_chunk_grid (#116),Kyle Barron,GitHub,https://github.com/developmentseed/zarrista/commit/27b41d1048497ba1772bc9c7d166ac5d6af51c67,557,developmentseed,zarrista
f66ef1fb3a0402683b409d64e871c42e0ed71bcc,feat: Add erase_chunks method (#119),Kyle Barron,GitHub,https://github.com/developmentseed/zarrista/commit/f66ef1fb3a0402683b409d64e871c42e0ed71bcc,319,developmentseed,zarrista
1026b195f432ba2f90276a7f92455c4cab3a9cad,fix: Allow importing zarrista without icechunk installed (#117),Kyle Barron,GitHub,https://github.com/developmentseed/zarrista/commit/1026b195f432ba2f90276a7f92455c4cab3a9cad,12,developmentseed,zarrista
1266258764f20654f70a8f343f6da1b76a3d353b,chore: Enforce Rust import sorting (#115),Kyle Barron,GitHub,https://github.com/developmentseed/zarrista/commit/1266258764f20654f70a8f343f6da1b76a3d353b,137,developmentseed,zarrista
4ac63f58d29011cadd73cee6c2f3541eaf5c389d,chore: bump dlpark to 0.8 (#102),Kyle Barron,GitHub,https://github.com/developmentseed/zarrista/commit/4ac63f58d29011cadd73cee6c2f3541eaf5c389d,284,developmentseed,zarrista
f7cac0fb27398d1acad5943397d93bd0d70bc1da,fix: adapt to zarr-metadata 0.4 type renames (#113),Davis Bennett,GitHub,https://github.com/developmentseed/zarrista/commit/f7cac0fb27398d1acad5943397d93bd0d70bc1da,71,developmentseed,zarrista
b237c8c1f76269eab6d2102869bf7207888e1f15,chore: bump ruff to 0.16 (#114),Kyle Barron,GitHub,https://github.com/developmentseed/zarrista/commit/b237c8c1f76269eab6d2102869bf7207888e1f15,414,developmentseed,zarrista
95e47ad4c414c5920f0cf15550f923039641da8e,chore: bump to 0.1.0-beta.7 (#101),Kyle Barron,GitHub,https://github.com/developmentseed/zarrista/commit/95e47ad4c414c5920f0cf15550f923039641da8e,4,developmentseed,zarrista
f67a0a9b186df9ec8b5a7aa3ad9dd2024ac36058,feat: Add Array methods to store metadata (#99),Kyle Barron,GitHub,https://github.com/developmentseed/zarrista/commit/f67a0a9b186df9ec8b5a7aa3ad9dd2024ac36058,168,developmentseed,zarrista
7c5529bf93bb84ffbbbe0528fa25ad1d596dbce3,chore: Add dependabot (#92),Kyle Barron,GitHub,https://github.com/developmentseed/zarrista/commit/7c5529bf93bb84ffbbbe0528fa25ad1d596dbce3,44,developmentseed,zarrista
f1f0c284484c23bc21e2e556a9c4c5ea37cd8605,feat: add `.store` attribute to retrieve store input (#90),Kyle Barron,GitHub,https://github.com/developmentseed/zarrista/commit/f1f0c284484c23bc21e2e556a9c4c5ea37cd8605,415,developmentseed,zarrista
bfbee78f2ed8424b773adccd1d31dcd07d20ca83,fix: show raw AxisEndLag seconds (#22),Max Jones,GitHub,https://github.com/virtual-zarr/tempo-virtual-zarr-pipeline/commit/bfbee78f2ed8424b773adccd1d31dcd07d20ca83,28,virtual-zarr,tempo-virtual-zarr-pipeline
0f537fa8e19bd9229c8449db427aa671f8d7b559,fix: strip the Seconds unit caption from the store-lag tile (#21),Max Jones,GitHub,https://github.com/virtual-zarr/tempo-virtual-zarr-pipeline/commit/0f537fa8e19bd9229c8449db427aa671f8d7b559,7,virtual-zarr,tempo-virtual-zarr-pipeline
ab2da461e99d925429bfe50efedb79d45b22b6d7,feat: headline tile shows total scan->store lag in hours (#20),Max Jones,GitHub,https://github.com/virtual-zarr/tempo-virtual-zarr-pipeline/commit/ab2da461e99d925429bfe50efedb79d45b22b6d7,27,virtual-zarr,tempo-virtual-zarr-pipeline
ad4818cd4907978554cfbc38258bd2f9cb89be2a,feat: make alarm notifications readable and actionable (#19),Max Jones,GitHub,https://github.com/virtual-zarr/tempo-virtual-zarr-pipeline/commit/ad4818cd4907978554cfbc38258bd2f9cb89be2a,49,virtual-zarr,tempo-virtual-zarr-pipeline
820f1e2d0cb878220170d31a960b4b46c5f7161c,feat: deploy for AIR4US portal (#17),Max Jones,GitHub,https://github.com/virtual-zarr/tempo-virtual-zarr-pipeline/commit/820f1e2d0cb878220170d31a960b4b46c5f7161c,237,virtual-zarr,tempo-virtual-zarr-pipeline
ecacb44d4c84860032378cea16e43c5404c5dc71,fix: split chunk manifests along the append dimension (#16),Max Jones,GitHub,https://github.com/virtual-zarr/tempo-virtual-zarr-pipeline/commit/ecacb44d4c84860032378cea16e43c5404c5dc71,140,virtual-zarr,tempo-virtual-zarr-pipeline
e0771c5438cefa4452961a9a4070c3ae3d738833,fix: stream fork blobs in reduce and give it 4 GB (#15),Max Jones,GitHub,https://github.com/virtual-zarr/tempo-virtual-zarr-pipeline/commit/e0771c5438cefa4452961a9a4070c3ae3d738833,24,virtual-zarr,tempo-virtual-zarr-pipeline
32134bf6a5a1183dd29eb275b5e1bbd59aaa1e6b,feat: improve performance of backfill inventory script (#14),Max Jones,GitHub,https://github.com/virtual-zarr/tempo-virtual-zarr-pipeline/commit/32134bf6a5a1183dd29eb275b5e1bbd59aaa1e6b,707,virtual-zarr,tempo-virtual-zarr-pipeline
57f7b6545d7d92056a8aa4a06bb19306e66739d4,docs: runbook for triaging and redriving the dead-letter queue (#13),Max Jones,GitHub,https://github.com/virtual-zarr/tempo-virtual-zarr-pipeline/commit/57f7b6545d7d92056a8aa4a06bb19306e66739d4,112,virtual-zarr,tempo-virtual-zarr-pipeline
bf7757f13dbee4f1a736883521a5b71a427aff83,docs: SNS alarm-email setup (#12),Max Jones,GitHub,https://github.com/virtual-zarr/tempo-virtual-zarr-pipeline/commit/bf7757f13dbee4f1a736883521a5b71a427aff83,69,virtual-zarr,tempo-virtual-zarr-pipeline
0cb5dddd29572843eaab1dce938a05761da2b459,feat: add a CloudWatch dashboard for monitoring (#11),Max Jones,GitHub,https://github.com/virtual-zarr/tempo-virtual-zarr-pipeline/commit/0cb5dddd29572843eaab1dce938a05761da2b459,1469,virtual-zarr,tempo-virtual-zarr-pipeline
424b78e6c74c79327c6f763ce16ac1487f9359be,docs: runbook for draining a pending-ledger backlog (#10),Max Jones,GitHub,https://github.com/virtual-zarr/tempo-virtual-zarr-pipeline/commit/424b78e6c74c79327c6f763ce16ac1487f9359be,132,virtual-zarr,tempo-virtual-zarr-pipeline
e2e45831f727eee664fc1c6193c9f924e2ba373e,docs: add motivations for architectural design (#9),Max Jones,GitHub,https://github.com/virtual-zarr/tempo-virtual-zarr-pipeline/commit/e2e45831f727eee664fc1c6193c9f924e2ba373e,17,virtual-zarr,tempo-virtual-zarr-pipeline
3298990eb178214760bdafab5013c07f51a6b6fc,fix: improve write safety (#8),Max Jones,GitHub,https://github.com/virtual-zarr/tempo-virtual-zarr-pipeline/commit/3298990eb178214760bdafab5013c07f51a6b6fc,7723,virtual-zarr,tempo-virtual-zarr-pipeline
e104781ae9cc8e0102da9d301c7991a05fd2ac0b,feat!: align earthdata secret JSON keys with titiler-multidim (#7),Max Jones,GitHub,https://github.com/virtual-zarr/tempo-virtual-zarr-pipeline/commit/e104781ae9cc8e0102da9d301c7991a05fd2ac0b,48,virtual-zarr,tempo-virtual-zarr-pipeline
8d0a29de402d875e4d78c27547a4140d5fd21f54,docs: improve description of codebuild (#6),Max Jones,GitHub,https://github.com/virtual-zarr/tempo-virtual-zarr-pipeline/commit/8d0a29de402d875e4d78c27547a4140d5fd21f54,103,virtual-zarr,tempo-virtual-zarr-pipeline
58b0104d8c4cfd8a7ad002cfe6980a54a8605426,feat: updates based on a test deployment (#5),Max Jones,GitHub,https://github.com/virtual-zarr/tempo-virtual-zarr-pipeline/commit/58b0104d8c4cfd8a7ad002cfe6980a54a8605426,2197,virtual-zarr,tempo-virtual-zarr-pipeline
0954ce24e3b69d7d20cdaaf292ed7f6bc3c0a5e0,docs: add architecture diagrams (#3),Max Jones,GitHub,https://github.com/virtual-zarr/tempo-virtual-zarr-pipeline/commit/0954ce24e3b69d7d20cdaaf292ed7f6bc3c0a5e0,975,virtual-zarr,tempo-virtual-zarr-pipeline
078bd62c530c1b88a4b90d06b3fc4efed31589ea,feat: implement TEMPO virtualizarr pipeline (#2),Max Jones,GitHub,https://github.com/virtual-zarr/tempo-virtual-zarr-pipeline/commit/078bd62c530c1b88a4b90d06b3fc4efed31589ea,16727,virtual-zarr,tempo-virtual-zarr-pipeline
a21b3e0f69b513e2043b954b634d5de7bcd86943,feat: enhance scripts,Max Jones,Max Jones,https://github.com/virtual-zarr/tempo-virtual-zarr-pipeline/commit/a21b3e0f69b513e2043b954b634d5de7bcd86943,495,virtual-zarr,tempo-virtual-zarr-pipeline
015bbfc75ad6ca989bda065472757afee9df2a69,feat: plotting scripts,Max Jones,Max Jones,https://github.com/virtual-zarr/tempo-virtual-zarr-pipeline/commit/015bbfc75ad6ca989bda065472757afee9df2a69,1023,virtual-zarr,tempo-virtual-zarr-pipeline
fd9c13b6460538fac3c242353e15a6a80f24c6da,feat: add in-region S3 Icechunk test store builder,Max Jones,Max Jones,https://github.com/virtual-zarr/tempo-virtual-zarr-pipeline/commit/fd9c13b6460538fac3c242353e15a6a80f24c6da,288,virtual-zarr,tempo-virtual-zarr-pipeline
67c1eef9a815943f6de263bccdc05375132ff7e2,chore: fix ruff line-length and mypy errors in exploration scripts,Max Jones,Max Jones,https://github.com/virtual-zarr/tempo-virtual-zarr-pipeline/commit/67c1eef9a815943f6de263bccdc05375132ff7e2,328,virtual-zarr,tempo-virtual-zarr-pipeline
92a4795059f2f6b3b800c45b3b64ee5ce1ea22c1,feat: expand exploration scripts,Max Jones,Max Jones,https://github.com/virtual-zarr/tempo-virtual-zarr-pipeline/commit/92a4795059f2f6b3b800c45b3b64ee5ce1ea22c1,1042,virtual-zarr,tempo-virtual-zarr-pipeline
c0538eaa94dd7f1bf0fe2ee18fdce31960ab87b1,Initial exploration of the TEMPO L3 collections (#1),Max Jones,GitHub,https://github.com/virtual-zarr/tempo-virtual-zarr-pipeline/commit/c0538eaa94dd7f1bf0fe2ee18fdce31960ab87b1,1088,virtual-zarr,tempo-virtual-zarr-pipeline
37db2332c0729e82f2e55028cb119ef7adf6d664,Initial commit,Max Jones,GitHub,https://github.com/virtual-zarr/tempo-virtual-zarr-pipeline/commit/37db2332c0729e82f2e55028cb119ef7adf6d664,32900,virtual-zarr,tempo-virtual-zarr-pipeline
4562b1eb0a02e2fd7df985127f2ee8355bf26e38,feat: add subscribable calendar (#26),Max Jones,GitHub,https://github.com/zarr-developers/geozarr-site/commit/4562b1eb0a02e2fd7df985127f2ee8355bf26e38,3,zarr-developers,geozarr-site
1a537d8ee63d2cfe60238509ca28707a7a68810f,docs: move from hackmd to google docs (#25),Max Jones,GitHub,https://github.com/zarr-developers/geozarr-site/commit/1a537d8ee63d2cfe60238509ca28707a7a68810f,4,zarr-developers,geozarr-site
b2ccd86a69017cfb9df4ad58f556579286b42589,fix: make meeting banner background opaque (#24),Max Jones,GitHub,https://github.com/zarr-developers/geozarr-site/commit/b2ccd86a69017cfb9df4ad58f556579286b42589,5,zarr-developers,geozarr-site
a89442b34b3864cf687a056deb808b853966389b,docs: add July minutes (#23),Max Jones,GitHub,https://github.com/zarr-developers/geozarr-site/commit/a89442b34b3864cf687a056deb808b853966389b,55,zarr-developers,geozarr-site
fcc79a1c10402655c7f4c12d6d19c18c9141ddc7,docs: add release notes for 0.17.0 (#859),Davis Bennett,GitHub,https://github.com/zarr-developers/numcodecs/commit/fcc79a1c10402655c7f4c12d6d19c18c9141ddc7,136,zarr-developers,numcodecs
da3cfb127df439e4d7b69ffe92a37b328dbe5dff,Add 2026 July ESIP talk (#1094),Max Jones,GitHub,https://github.com/zarr-developers/VirtualiZarr/commit/da3cfb127df439e4d7b69ffe92a37b328dbe5dff,1,zarr-developers,virtualizarr
118d65f4d5d3daf1ac55880309c6eb0ed92d1ecd,fix: only remap variable-length HDF5 strings to StringDType (#1071),Max Jones,GitHub,https://github.com/zarr-developers/VirtualiZarr/commit/118d65f4d5d3daf1ac55880309c6eb0ed92d1ecd,110,zarr-developers,virtualizarr
a223b906be4340a9998261938fb78bbdf173b66b,Correctly handle HDF5 fillvalue for string dtype arrays. (#988),Sean Harkins,GitHub,https://github.com/zarr-developers/VirtualiZarr/commit/a223b906be4340a9998261938fb78bbdf173b66b,110,zarr-developers,virtualizarr
4d50c9d12613f0970d9238b902fd52600d8c2ecc,Reindex via indexer (#1032),Sean Harkins,GitHub,https://github.com/zarr-developers/VirtualiZarr/commit/4d50c9d12613f0970d9238b902fd52600d8c2ecc,4569,zarr-developers,virtualizarr
3799b6486f52984e9d1fadb7cbab9d00980cb49f,docs(zarr-metadata): layer 4's fragments take the number of the PR th…,Davis Bennett,GitHub,https://github.com/zarr-developers/zarr-python/commit/3799b6486f52984e9d1fadb7cbab9d00980cb49f,0,zarr-developers,zarr-python
47528feeab5d2185f012c343b713348b6e5288a2,feat(zarr-metadata)!: a shard is judged against the chunk it is hande…,Davis Bennett,GitHub,https://github.com/zarr-developers/zarr-python/commit/47528feeab5d2185f012c343b713348b6e5288a2,3815,zarr-developers,zarr-python
0401a7f07a77e764113fbf43e146053011ef8e9b,feat(zarr-metadata)!: the model reads each extension point through it…,Davis Bennett,GitHub,https://github.com/zarr-developers/zarr-python/commit/0401a7f07a77e764113fbf43e146053011ef8e9b,554,zarr-developers,zarr-python
8dc50b81b074344241210f473a059134039bde1b,feat(zarr-metadata): metadata fields read against their definitions (…,Davis Bennett,GitHub,https://github.com/zarr-developers/zarr-python/commit/8dc50b81b074344241210f473a059134039bde1b,3595,zarr-developers,zarr-python
c383b22592c92fc1e740e2a0f373908b3f960d11,"feat(zarr-metadata): check, JSON against a TypedDict as the typing sp…",Davis Bennett,GitHub,https://github.com/zarr-developers/zarr-python/commit/c383b22592c92fc1e740e2a0f373908b3f960d11,3537,zarr-developers,zarr-python
cad256122b5ecd37a04f8893d2ea21dcfc7fe619,fix(zarr-metadata): bytes are not a JSON array (#4423),Davis Bennett,GitHub,https://github.com/zarr-developers/zarr-python/commit/cad256122b5ecd37a04f8893d2ea21dcfc7fe619,143,zarr-developers,zarr-python
d73427eab2bfee15046f75836af396b4d29b6fb3,fix(zarr-metadata): a v2 array's other members are JSON with string k…,Davis Bennett,GitHub,https://github.com/zarr-developers/zarr-python/commit/d73427eab2bfee15046f75836af396b4d29b6fb3,59,zarr-developers,zarr-python
a62a14fad4d0398a7fdf774aa03d0fdd214c8d75,refactor(zarr-metadata): model casts that only restated a type are go…,Davis Bennett,GitHub,https://github.com/zarr-developers/zarr-python/commit/a62a14fad4d0398a7fdf774aa03d0fdd214c8d75,55,zarr-developers,zarr-python
8422d2daae05d8677a9e5a2d2d65d9f943185197,fix(zarr-metadata)!: guards narrow only when they say yes (#4429),Davis Bennett,GitHub,https://github.com/zarr-developers/zarr-python/commit/8422d2daae05d8677a9e5a2d2d65d9f943185197,51,zarr-developers,zarr-python
5a2724337847a39beaf91ba67db0c56e518d27c5,fix(zarr-metadata): the store reader checks that it read bytes (#4428),Davis Bennett,GitHub,https://github.com/zarr-developers/zarr-python/commit/5a2724337847a39beaf91ba67db0c56e518d27c5,37,zarr-developers,zarr-python
b4abe10ca51d67c9bf4738438c338b7aa545fe16,fix(zarr-metadata): a model shares nothing with the document it read …,Davis Bennett,GitHub,https://github.com/zarr-developers/zarr-python/commit/b4abe10ca51d67c9bf4738438c338b7aa545fe16,58,zarr-developers,zarr-python
40993e279ee1becac99e51b9657d9cb4e1e73cdf,fix(zarr-metadata): the v2 group document types are closed (#4430),Davis Bennett,GitHub,https://github.com/zarr-developers/zarr-python/commit/40993e279ee1becac99e51b9657d9cb4e1e73cdf,36,zarr-developers,zarr-python
6c7b285ce4f3f301ab2e3e7433aae23272d794e7,refactor(zarr-metadata): validators type an unread document as what i…,Davis Bennett,GitHub,https://github.com/zarr-developers/zarr-python/commit/6c7b285ce4f3f301ab2e3e7433aae23272d794e7,37,zarr-developers,zarr-python
315aa42a5d3fef0b9c04b0eac098e642178d969a,feat(zarr-metadata)!: problems and errors check their values at run t…,Davis Bennett,GitHub,https://github.com/zarr-developers/zarr-python/commit/315aa42a5d3fef0b9c04b0eac098e642178d969a,132,zarr-developers,zarr-python
b3045a23162a8ed269e353c1f3b0587868209b7a,build(zarr-metadata): type-check the tests (#4421),Davis Bennett,GitHub,https://github.com/zarr-developers/zarr-python/commit/b3045a23162a8ed269e353c1f3b0587868209b7a,166,zarr-developers,zarr-python
d21a5b42e02ac56f186c03f9bb58f3f91607c5b5,fix(zarr-metadata): attributes may hold NaN and the infinities (#4420),Davis Bennett,GitHub,https://github.com/zarr-developers/zarr-python/commit/d21a5b42e02ac56f186c03f9bb58f3f91607c5b5,705,zarr-developers,zarr-python
4aeac75120b3a7db2551133a6fd638dacb6d4539,fix(array): reject unknown keys in ArrayConfig.from_dict (#4414),Davis Bennett,GitHub,https://github.com/zarr-developers/zarr-python/commit/4aeac75120b3a7db2551133a6fd638dacb6d4539,56,zarr-developers,zarr-python
f58644a9177bff8c8e03ed3c04292a9c2a0770dd,build: ground sub-package packaging in current uv/hatch/setuptools-sc…,Davis Bennett,GitHub,https://github.com/zarr-developers/zarr-python/commit/f58644a9177bff8c8e03ed3c04292a9c2a0770dd,1178,zarr-developers,zarr-python
bf14d68098af590ccd6d6f6b8e437e5492524745,test: deflake test_encode_and_write_as_completed_cancels_stray_writes…,Davis Bennett,GitHub,https://github.com/zarr-developers/zarr-python/commit/bf14d68098af590ccd6d6f6b8e437e5492524745,10,zarr-developers,zarr-python
156cc04d0d5bfb74d68f3b8f982661dfb8d1aaf4,chore: keep sub-package pyproject.toml standalone; overlay in-repo za…,Davis Bennett,GitHub,https://github.com/zarr-developers/zarr-python/commit/156cc04d0d5bfb74d68f3b8f982661dfb8d1aaf4,162,zarr-developers,zarr-python
d7686f68b956549c311ed85dcffc148822e6038b,fix(dtype): preserve scaled generic time units and normalize the μs a…,Davis Bennett,GitHub,https://github.com/zarr-developers/zarr-python/commit/d7686f68b956549c311ed85dcffc148822e6038b,294,zarr-developers,zarr-python
34b7c3d77ceaaa4e06c8386f15a182cec9725513,fix(storage): yield only direct children from FsspecStore.list_dir (#…,Davis Bennett,GitHub,https://github.com/zarr-developers/zarr-python/commit/34b7c3d77ceaaa4e06c8386f15a182cec9725513,77,zarr-developers,zarr-python
eb2ce592d06f48a38e8a0fd835ac4c542c5a7b18,fix(store): run every LocalStore filesystem call off the event loop (…,Davis Bennett,GitHub,https://github.com/zarr-developers/zarr-python/commit/eb2ce592d06f48a38e8a0fd835ac4c542c5a7b18,349,zarr-developers,zarr-python
5c37f97b9157260e4aefca3bd83d791d2a781690,fix(dtype): resolve struct fields with the registry that resolves the…,Davis Bennett,GitHub,https://github.com/zarr-developers/zarr-python/commit/5c37f97b9157260e4aefca3bd83d791d2a781690,324,zarr-developers,zarr-python
9abad7f0542c96d81b894b323950dcfe157b8638,fix(dtype): fix nested v2 round trips and detect unsupported field co…,Davis Bennett,GitHub,https://github.com/zarr-developers/zarr-python/commit/9abad7f0542c96d81b894b323950dcfe157b8638,452,zarr-developers,zarr-python
edba2ee3ad10523483da7eb21220da6a35875d53,fix(sharding): reject variable-size codecs in index_codecs (#4397),Davis Bennett,GitHub,https://github.com/zarr-developers/zarr-python/commit/edba2ee3ad10523483da7eb21220da6a35875d53,68,zarr-developers,zarr-python
dc83cae1873dba744bddf29f299782d2dd729532,refactor: keep the blocked all_equal scan on the CPU buffer (#4392),Davis Bennett,GitHub,https://github.com/zarr-developers/zarr-python/commit/dc83cae1873dba744bddf29f299782d2dd729532,264,zarr-developers,zarr-python
0c851f9dd46d109e26c389506163c1c820a94a6d,fix(ci): run zarr-indexing tests on the matrix interpreter (#4390),Davis Bennett,GitHub,https://github.com/zarr-developers/zarr-python/commit/0c851f9dd46d109e26c389506163c1c820a94a6d,16,zarr-developers,zarr-python
5b8ff1e1a424df8117d78835418d0c3e89ac6ebf,fix(dtype): accept any byte order for byte-order-irrelevant v2 dtype …,Davis Bennett,GitHub,https://github.com/zarr-developers/zarr-python/commit/5b8ff1e1a424df8117d78835418d0c3e89ac6ebf,531,zarr-developers,zarr-python
7291469a983c8b14cd59d67c47ef73f5153fd25e,chore: centralize development and CI verbs in just (#4372),Davis Bennett,GitHub,https://github.com/zarr-developers/zarr-python/commit/7291469a983c8b14cd59d67c47ef73f5153fd25e,561,zarr-developers,zarr-python
ae41d6eb3354ff4364c8f04ab1a0dccbf0d0f5b1,fix(zarr-metadata)!: make entity types assignable to metadata fields;…,Davis Bennett,GitHub,https://github.com/zarr-developers/zarr-python/commit/ae41d6eb3354ff4364c8f04ab1a0dccbf0d0f5b1,457,zarr-developers,zarr-python
b3c5972697bec6c2286119f8abfffe0237b85ff7,fix(zarr-metadata): v2 array document is open and filters may be empt…,Davis Bennett,GitHub,https://github.com/zarr-developers/zarr-python/commit/b3c5972697bec6c2286119f8abfffe0237b85ff7,256,zarr-developers,zarr-python
dfa18e827d0738a70685b42f18c6650114310044,fix(zarr-indexing): replace runtime assert statements with explicit c…,Davis Bennett,GitHub,https://github.com/zarr-developers/zarr-python/commit/dfa18e827d0738a70685b42f18c6650114310044,179,zarr-developers,zarr-python
9f0ae4e27fa1a7bdcff668f9fe08c884066c9dfc,fix: replace runtime assert statements with explicit checks (#4363),Davis Bennett,GitHub,https://github.com/zarr-developers/zarr-python/commit/9f0ae4e27fa1a7bdcff668f9fe08c884066c9dfc,261,zarr-developers,zarr-python
b6c592e3018468eff39a91f269ce17e2a65e0d55,feat(indexing): make LazyArray indexing lazy by default (#4350),Davis Bennett,GitHub,https://github.com/zarr-developers/zarr-python/commit/b6c592e3018468eff39a91f269ce17e2a65e0d55,2146,zarr-developers,zarr-python
2a704a72bb8825abe64b74931872a430cd1aa186,fix(indexing): make every view executable with its source grid (#4349),Davis Bennett,GitHub,https://github.com/zarr-developers/zarr-python/commit/2a704a72bb8825abe64b74931872a430cd1aa186,205,zarr-developers,zarr-python
e45e0758b62422c5e9e6895faa986b95d4466f4a,ci: keep subpackage pull requests out of generated zarr release notes…,Davis Bennett,GitHub,https://github.com/zarr-developers/zarr-python/commit/e45e0758b62422c5e9e6895faa986b95d4466f4a,40,zarr-developers,zarr-python
292aeb4edcbbff50ec0ef7a49ff376e267904efc,docs: 3.4.0 release notes (#4360),Davis Bennett,GitHub,https://github.com/zarr-developers/zarr-python/commit/292aeb4edcbbff50ec0ef7a49ff376e267904efc,358,zarr-developers,zarr-python
4484a60b8358784c16430d7ad3a6e3f94b07b474,docs(blog): zarr 3.4.0 release post (#4355),Davis Bennett,GitHub,https://github.com/zarr-developers/zarr-python/commit/4484a60b8358784c16430d7ad3a6e3f94b07b474,153,zarr-developers,zarr-python
4c61dcf08a94e76bbd2b292a3f7a90407d3637b6,refactor(store): polish the LocalStore rename retry from #4358 (#4359),Davis Bennett,GitHub,https://github.com/zarr-developers/zarr-python/commit/4c61dcf08a94e76bbd2b292a3f7a90407d3637b6,140,zarr-developers,zarr-python
0de6077337f60c05b89b78dbd37ca6f5d421bf7a,fix(indexing): delegate source tokenization to Dask (#4348),Davis Bennett,GitHub,https://github.com/zarr-developers/zarr-python/commit/0de6077337f60c05b89b78dbd37ca6f5d421bf7a,184,zarr-developers,zarr-python
34dd17ca3952c2f09b976f231956be7fc5a291e4,fix(indexing): validate index-array bounds during JSON loading (#4347),Davis Bennett,GitHub,https://github.com/zarr-developers/zarr-python/commit/34dd17ca3952c2f09b976f231956be7fc5a291e4,211,zarr-developers,zarr-python
1f1374271d6800a9764c18aa30399626d66f9766,test(indexing): broaden planner property coverage (#4346),Davis Bennett,GitHub,https://github.com/zarr-developers/zarr-python/commit/1f1374271d6800a9764c18aa30399626d66f9766,123,zarr-developers,zarr-python
8ff7cb189f2c041969c391546705db5096aab559,fix(indexing): audit factual contracts and close validation gaps (#4345),Davis Bennett,GitHub,https://github.com/zarr-developers/zarr-python/commit/8ff7cb189f2c041969c391546705db5096aab559,1497,zarr-developers,zarr-python
5d60db61016bf4a78d7eb3a2c08d6186e2472f47,fix: complete imagecodecs codec package hints (#4351),Davis Bennett,GitHub,https://github.com/zarr-developers/zarr-python/commit/5d60db61016bf4a78d7eb3a2c08d6186e2472f47,154,zarr-developers,zarr-python
ba883a556c1335e973f8b17c13fad5ad5df3d3b1,fix(zarr-indexing): reject overflowing integer selectors (#4333),Davis Bennett,GitHub,https://github.com/zarr-developers/zarr-python/commit/ba883a556c1335e973f8b17c13fad5ad5df3d3b1,42,zarr-developers,zarr-python
26820c735925ee00904907dbc191e2bc9960cd36,fix(docs): stop the docs build and docs tests deleting a cwd-relative…,Davis Bennett,GitHub,https://github.com/zarr-developers/zarr-python/commit/26820c735925ee00904907dbc191e2bc9960cd36,100,zarr-developers,zarr-python
8a11de8de28663961b57b938f0c6e9fe25ddd1b3,docs: explain from_array attribute copy recursion limit (#4338),Davis Bennett,GitHub,https://github.com/zarr-developers/zarr-python/commit/8a11de8de28663961b57b938f0c6e9fe25ddd1b3,20,zarr-developers,zarr-python
78990823280968e2aca2e3db695b7559d1ed5c6e,fix: preserve the source Zarr dtype in from_array (#4335),Davis Bennett,GitHub,https://github.com/zarr-developers/zarr-python/commit/78990823280968e2aca2e3db695b7559d1ed5c6e,22,zarr-developers,zarr-python
3203018cfba6679deba305ff7584c839a19845c9,test: give the sharded coordinate-selection write path real weight in…,Davis Bennett,GitHub,https://github.com/zarr-developers/zarr-python/commit/3203018cfba6679deba305ff7584c839a19845c9,150,zarr-developers,zarr-python
9e5fcc1381bada8d058645ed39e64bc3ec588bd3,fix: remove attribute nesting depth limit (#4330),Davis Bennett,GitHub,https://github.com/zarr-developers/zarr-python/commit/9e5fcc1381bada8d058645ed39e64bc3ec588bd3,143,zarr-developers,zarr-python
da21b6691529a7f9fc54494bb5f38a6731ac653e,"feat: accept numpy arrays as chunks/shards in create_array, Group.cre…",Davis Bennett,GitHub,https://github.com/zarr-developers/zarr-python/commit/da21b6691529a7f9fc54494bb5f38a6731ac653e,113,zarr-developers,zarr-python
10f8abe75eac259846e09a886bea420febbb43e2,fix: resolve chunks=False to chunk size 1 on zero-length axes (#4328),Davis Bennett,GitHub,https://github.com/zarr-developers/zarr-python/commit/10f8abe75eac259846e09a886bea420febbb43e2,87,zarr-developers,zarr-python
a1b44167583381b5c388b103e4689b5168eb284c,fix: deep-copy source attributes in from_array (#4325),Davis Bennett,GitHub,https://github.com/zarr-developers/zarr-python/commit/a1b44167583381b5c388b103e4689b5168eb284c,20,zarr-developers,zarr-python
db935453039ae7d9fe9a4e667841deac4af827bc,fix(metadata): handle argless KeyError from a codec's from_dict (#4324),Davis Bennett,GitHub,https://github.com/zarr-developers/zarr-python/commit/db935453039ae7d9fe9a4e667841deac4af827bc,92,zarr-developers,zarr-python
77ee90404d9f223d4a1d205bf4415267b4515b23,chore(metadata): import Literal at module level in v2.py (#4327),Davis Bennett,GitHub,https://github.com/zarr-developers/zarr-python/commit/77ee90404d9f223d4a1d205bf4415267b4515b23,6,zarr-developers,zarr-python
26558e0eba478544f78ee48ecaba31f026f23d74,docs: state the rectilinear-flag consequence of #4272 and qualify nch…,Davis Bennett,GitHub,https://github.com/zarr-developers/zarr-python/commit/26558e0eba478544f78ee48ecaba31f026f23d74,47,zarr-developers,zarr-python
49986188bcec4bab636e35448bacd1143fedee0e,fix: preserve index bounds and input arrays during normalization (#4332),Davis Bennett,GitHub,https://github.com/zarr-developers/zarr-python/commit/49986188bcec4bab636e35448bacd1143fedee0e,136,zarr-developers,zarr-python
7db1c748840094d9875eda1883a6ce6fde8f0a29,chore(tests): move gzip mtime-comparison helper out of library code (…,Davis Bennett,GitHub,https://github.com/zarr-developers/zarr-python/commit/7db1c748840094d9875eda1883a6ce6fde8f0a29,47,zarr-developers,zarr-python
542ceba2d93d013fe2d84a616be83cab55a9dbd6,fix(chunk-grids): make array creation O(1) in per-dimension chunk cou…,Davis Bennett,GitHub,https://github.com/zarr-developers/zarr-python/commit/542ceba2d93d013fe2d84a616be83cab55a9dbd6,1120,zarr-developers,zarr-python
ef6cfe2d531039ec5872f8ad4b97f85e8e16ab14,feat(zarr-indexing): factor chunk plans into a columnar GridPartition…,Davis Bennett,GitHub,https://github.com/zarr-developers/zarr-python/commit/ef6cfe2d531039ec5872f8ad4b97f85e8e16ab14,2957,zarr-developers,zarr-python
a50d791c5a02319a451db024552d15e67732dbd1,fix(sharding): flatten any multi-dim value for coordinate selections …,Davis Bennett,GitHub,https://github.com/zarr-developers/zarr-python/commit/a50d791c5a02319a451db024552d15e67732dbd1,282,zarr-developers,zarr-python
2231b6b7881e07830110e26b04f66bc9bfae7368,docs(subpackages): render subpackage changelogs as docs pages (#4311),Davis Bennett,GitHub,https://github.com/zarr-developers/zarr-python/commit/2231b6b7881e07830110e26b04f66bc9bfae7368,67,zarr-developers,zarr-python
3ec687e613c9d7b1c51a770e22ab98a6be349b7e,fix: resolve chunks=-1 to chunk size 1 on zero-length axes (#4307),Davis Bennett,GitHub,https://github.com/zarr-developers/zarr-python/commit/3ec687e613c9d7b1c51a770e22ab98a6be349b7e,58,zarr-developers,zarr-python
addcc93da4c8ee5ae559868acb1f97ac6c72e9a0,docs+test: gzip MTIME documentation follow-up and fused-pipeline test…,Davis Bennett,GitHub,https://github.com/zarr-developers/zarr-python/commit/addcc93da4c8ee5ae559868acb1f97ac6c72e9a0,299,zarr-developers,zarr-python
32ff2b1fc9e249248a53deb7f3ebe7152c2af490,docs: fix links flagged by the weekly link check - #4291 (#4292),Davis Bennett,GitHub,https://github.com/zarr-developers/zarr-python/commit/32ff2b1fc9e249248a53deb7f3ebe7152c2af490,27,zarr-developers,zarr-python
ce10c0b9ae89aa306a6ba0f4284c40c5488ec5f8,fix: accept universal-pathlib UPath as a StoreLike value (#4265),Davis Bennett,GitHub,https://github.com/zarr-developers/zarr-python/commit/ce10c0b9ae89aa306a6ba0f4284c40c5488ec5f8,138,zarr-developers,zarr-python
743169953b6fca7edaa08fe7ce0814989b6ea51c,docs: add roadmap page outlining future plans (#4149),Davis Bennett,GitHub,https://github.com/zarr-developers/zarr-python/commit/743169953b6fca7edaa08fe7ce0814989b6ea51c,192,zarr-developers,zarr-python
f4a239c72e0548db5faedfbe1a36cfea6e837b25,chore(zarr-metadata): build 0.5.0 changelog (#4266),Davis Bennett,GitHub,https://github.com/zarr-developers/zarr-python/commit/f4a239c72e0548db5faedfbe1a36cfea6e837b25,192,zarr-developers,zarr-python
b1d413281ef3aebe9034b32b92db3c19dc4875f9,fix(zarr-metadata): make JSONValue's array arm covariant (#4264),Davis Bennett,GitHub,https://github.com/zarr-developers/zarr-python/commit/b1d413281ef3aebe9034b32b92db3c19dc4875f9,33,zarr-developers,zarr-python
12aa83b69b1513b6958d49fc0e3c6768c0b2e1f8,deps: bump cast-value.rs to >= 0.4.2 (#4260),Davis Bennett,GitHub,https://github.com/zarr-developers/zarr-python/commit/12aa83b69b1513b6958d49fc0e3c6768c0b2e1f8,304,zarr-developers,zarr-python
9fd669fd22a414ed19e79bc6a17a42b6b44ea8b8,fix(build): use an sdist allowlist so the zarr sdist stops shipping s…,Davis Bennett,GitHub,https://github.com/zarr-developers/zarr-python/commit/9fd669fd22a414ed19e79bc6a17a42b6b44ea8b8,19,zarr-developers,zarr-python
4aba6911221096b297649a5239173012d5c124bf,fix(build): add an sdist allowlist to zarr-http-server (#4262),Davis Bennett,GitHub,https://github.com/zarr-developers/zarr-python/commit/4aba6911221096b297649a5239173012d5c124bf,22,zarr-developers,zarr-python
d3dc9f527e5b4b75ca492948c820a57be50aa199,fix: accept numpy integers as chunk sizes (#4257),Davis Bennett,GitHub,https://github.com/zarr-developers/zarr-python/commit/d3dc9f527e5b4b75ca492948c820a57be50aa199,54,zarr-developers,zarr-python
bd3e3986bb4acc3d06220a2285b1165f8e7b488b,"docs: link the zarr-http-server docs site, and fix dead links across …",Davis Bennett,GitHub,https://github.com/zarr-developers/zarr-python/commit/bd3e3986bb4acc3d06220a2285b1165f8e7b488b,865,zarr-developers,zarr-python
5b9c09fcaa9359bc3eaa68c48eea7d31deb3dcd7,fix(docs): build subpackage docs from the package directory (#4252),Davis Bennett,GitHub,https://github.com/zarr-developers/zarr-python/commit/5b9c09fcaa9359bc3eaa68c48eea7d31deb3dcd7,45,zarr-developers,zarr-python
47f09b1b9fd10052bae28d2eefb43211ba2484c2,docs: add card for zarr-http-server (#4249),Davis Bennett,GitHub,https://github.com/zarr-developers/zarr-python/commit/47f09b1b9fd10052bae28d2eefb43211ba2484c2,10,zarr-developers,zarr-python
d9af955f29c05f9c4065e8b190e35d1ec2a25463,feat(zarr-indexing): LazyArray — generic lazy indexing over array-API…,Davis Bennett,GitHub,https://github.com/zarr-developers/zarr-python/commit/d9af955f29c05f9c4065e8b190e35d1ec2a25463,18388,zarr-developers,zarr-python
579ffb55f374443c3ec5b4bfb02869ed117fe7a2,docs: update readme (#4251),Davis Bennett,GitHub,https://github.com/zarr-developers/zarr-python/commit/579ffb55f374443c3ec5b4bfb02869ed117fe7a2,14,zarr-developers,zarr-python
0f7c883ad2509d017e54097874ce4d62609157eb,"HTTP server that exposes stores, arrays, groups (#3732)",Davis Bennett,GitHub,https://github.com/zarr-developers/zarr-python/commit/0f7c883ad2509d017e54097874ce4d62609157eb,7577,zarr-developers,zarr-python
5abdee22028cabe14da5c192a3d11d494a061451,"build(zarr-metadata): the sdist ships an allowlist, not whatever is l…",Davis Bennett,GitHub,https://github.com/zarr-developers/zarr-python/commit/5abdee22028cabe14da5c192a3d11d494a061451,20,zarr-developers,zarr-python
f63e61d982df914032522ccee5e0b1492af1f7ab,docs: add a page linking to the companion packages (#4247),Davis Bennett,GitHub,https://github.com/zarr-developers/zarr-python/commit/f63e61d982df914032522ccee5e0b1492af1f7ab,63,zarr-developers,zarr-python
96a54615b108d6d37b6f9722ad8d6165a0e7b185,chore: bump ruff to 0.16.0 and fix new default-rule violations (#4213),Davis Bennett,GitHub,https://github.com/zarr-developers/zarr-python/commit/96a54615b108d6d37b6f9722ad8d6165a0e7b185,170,zarr-developers,zarr-python
4e13cf577d5be18b8e5312fa254d1a3034a3d321,fix: preserve non-JSON-serializable storage options in _make_async (#…,Davis Bennett,GitHub,https://github.com/zarr-developers/zarr-python/commit/4e13cf577d5be18b8e5312fa254d1a3034a3d321,28,zarr-developers,zarr-python
5a4767b9c4e6fcf5e4d60a7db0d08dc506935e45,refactor(zarr-metadata)!: unify constant naming grammar with type nam…,Davis Bennett,GitHub,https://github.com/zarr-developers/zarr-python/commit/5a4767b9c4e6fcf5e4d60a7db0d08dc506935e45,579,zarr-developers,zarr-python
24f9ad19430dc88bc1d92b5e1936ac6b3e20f4fe,fix: make consolidated metadata nesting independent of persisted key …,Davis Bennett,GitHub,https://github.com/zarr-developers/zarr-python/commit/24f9ad19430dc88bc1d92b5e1936ac6b3e20f4fe,74,zarr-developers,zarr-python
a994a4fc972fed428eab6a26d4f14bb95d22c144,feat: add the zarr-indexing package (TensorStore-style index transfor…,Davis Bennett,GitHub,https://github.com/zarr-developers/zarr-python/commit/a994a4fc972fed428eab6a26d4f14bb95d22c144,6963,zarr-developers,zarr-python
53e6dc66b834988912194985a1051ad4db4f0141,"docs: dev blog, performance examples, and compiled 3.3.0 release note…",Davis Bennett,GitHub,https://github.com/zarr-developers/zarr-python/commit/53e6dc66b834988912194985a1051ad4db4f0141,982,zarr-developers,zarr-python
6f52da5b8ce4e28031f4ad6c3287795fec971105,fix: gate fused sync fast paths on full store sync capability; wrappe…,Davis Bennett,GitHub,https://github.com/zarr-developers/zarr-python/commit/6f52da5b8ce4e28031f4ad6c3287795fec971105,628,zarr-developers,zarr-python
57e66d92ed26eb02ca3931f253de052c0a890042,fix: reject malformed chunk keys in DefaultChunkKeyEncoding (#4219),Davis Bennett,GitHub,https://github.com/zarr-developers/zarr-python/commit/57e66d92ed26eb02ca3931f253de052c0a890042,74,zarr-developers,zarr-python
6f9724cb14686e0737ed144be5d945fe1fbde578,fix: minor correctness and hygiene fixes from the sync-pipeline audit…,Davis Bennett,GitHub,https://github.com/zarr-developers/zarr-python/commit/6f9724cb14686e0737ed144be5d945fe1fbde578,473,zarr-developers,zarr-python
a88f88951e7b1bc19f19adad2fb364158851076a,fix: make ManagedMemoryStore/GpuMemoryStore sync methods parity-safe …,Davis Bennett,GitHub,https://github.com/zarr-developers/zarr-python/commit/a88f88951e7b1bc19f19adad2fb364158851076a,215,zarr-developers,zarr-python
63fc294bec25c41983c1a45f7f03bd6f801a7ff9,chore(zarr-metadata): build 0.4.0 changelog (#4211),Davis Bennett,GitHub,https://github.com/zarr-developers/zarr-python/commit/63fc294bec25c41983c1a45f7f03bd6f801a7ff9,286,zarr-developers,zarr-python
69ca264664bd74ba55c594490acdd49cd70b7fe8,"docs(zarr-metadata): docs-site polish: repo link, titles, RTD build s…",Davis Bennett,GitHub,https://github.com/zarr-developers/zarr-python/commit/69ca264664bd74ba55c594490acdd49cd70b7fe8,38,zarr-developers,zarr-python
b2ece6f82c5281d02a8a4408fb13f791870c65bd,docs(zarr-metadata): standalone documentation site; add package justf…,Davis Bennett,GitHub,https://github.com/zarr-developers/zarr-python/commit/b2ece6f82c5281d02a8a4408fb13f791870c65bd,526,zarr-developers,zarr-python
bf818318d25c216721d8078d8a585dc734192be6,fix: gate bulk full-shard decode on identity reads; harden shard-inde…,Davis Bennett,GitHub,https://github.com/zarr-developers/zarr-python/commit/bf818318d25c216721d8078d8a585dc734192be6,421,zarr-developers,zarr-python
ba832363cd8b517a4545528c54230c43a2c5f95e,fix: FusedCodecPipeline must apply outer AA/BB codecs on partial path…,Davis Bennett,GitHub,https://github.com/zarr-developers/zarr-python/commit/ba832363cd8b517a4545528c54230c43a2c5f95e,161,zarr-developers,zarr-python
80880a0425243406e145a69b722d7411c1dc6563,fix: fused pipeline falls back for partial-mixin codecs without sync …,Davis Bennett,GitHub,https://github.com/zarr-developers/zarr-python/commit/80880a0425243406e145a69b722d7411c1dc6563,166,zarr-developers,zarr-python
123268a7e467945c7d6a88e8d67d96c4ebb26809,fix: FusedCodecPipeline falls back to async path for sharded arrays w…,Davis Bennett,GitHub,https://github.com/zarr-developers/zarr-python/commit/123268a7e467945c7d6a88e8d67d96c4ebb26809,139,zarr-developers,zarr-python
b213b548d2ecc8ab060a5fa5c22e97856c708361,"fix: make benchmark page-cache clearing opt-in, never prompt for sudo…",Davis Bennett,GitHub,https://github.com/zarr-developers/zarr-python/commit/b213b548d2ecc8ab060a5fa5c22e97856c708361,28,zarr-developers,zarr-python
bd24f4f4a28212bcceb52edf07fb4b10a738651d,fix: keep FusedCodecPipeline compute off the event-loop thread (#4194),Davis Bennett,GitHub,https://github.com/zarr-developers/zarr-python/commit/bd24f4f4a28212bcceb52edf07fb4b10a738651d,135,zarr-developers,zarr-python
015732f58cc67888f7f638e09ca447c9349c85eb,feat(zarr-metadata): Zarr metadata model layer (#4119),Davis Bennett,GitHub,https://github.com/zarr-developers/zarr-python/commit/015732f58cc67888f7f638e09ca447c9349c85eb,6239,zarr-developers,zarr-python
cb93ef80f3d825446fe4fa97499d0787b410f0a9,feat: add type-safe `get_array` and `get_group` methods to `AsyncGrou…,Davis Bennett,GitHub,https://github.com/zarr-developers/zarr-python/commit/cb93ef80f3d825446fe4fa97499d0787b410f0a9,252,zarr-developers,zarr-python
ecc2d77718dbc4343da052347c4377945246d4fa,fix(store): don't close a shared filesystem in FsspecStore.close() (#…,Davis Bennett,GitHub,https://github.com/zarr-developers/zarr-python/commit/ecc2d77718dbc4343da052347c4377945246d4fa,204,zarr-developers,zarr-python
50b7e016590d76011382771fd52843949782c9c0,Fix/memorystore buffer aliasing (#4157),Davis Bennett,GitHub,https://github.com/zarr-developers/zarr-python/commit/50b7e016590d76011382771fd52843949782c9c0,88,zarr-developers,zarr-python
91a8ec06dc4d475fe40691e0ab668dd655d3751a,docs: 3.3.0 release notes (#4148),Davis Bennett,GitHub,https://github.com/zarr-developers/zarr-python/commit/91a8ec06dc4d475fe40691e0ab668dd655d3751a,297,zarr-developers,zarr-python
bbe27d7ce9713d50e34df2cda5108f4dcf410b92,fix: byte-order handling for structured dtypes in the bytes codec (#4…,Davis Bennett,GitHub,https://github.com/zarr-developers/zarr-python/commit/bbe27d7ce9713d50e34df2cda5108f4dcf410b92,103,zarr-developers,zarr-python
a75add93e2114c9e4fdc732702178ee33537ed8a,test: ignore Python 3.15 fork-with-threads DeprecationWarning in test…,Davis Bennett,GitHub,https://github.com/zarr-developers/zarr-python/commit/a75add93e2114c9e4fdc732702178ee33537ed8a,16,zarr-developers,zarr-python
fe50301564b6f5ca6552b5ca411a793682163760,perf: use sync methods for chunk encoding / decoding (#3885),Davis Bennett,GitHub,https://github.com/zarr-developers/zarr-python/commit/fe50301564b6f5ca6552b5ca411a793682163760,5850,zarr-developers,zarr-python
b4179e4dcbf787c987723007af191e87295e4276,"test: enable pytest strict mode, fix duplicate parametrization ids, a…",Davis Bennett,GitHub,https://github.com/zarr-developers/zarr-python/commit/b4179e4dcbf787c987723007af191e87295e4276,69,zarr-developers,zarr-python
