number,title,type,state,author,url,created_at,updated_at,organization,repository,contributor
193,FY2026 Roadmap,Issue,closed,abarciauskas-bgse,https://github.com/cloudnativegeo/cloud-optimized-geospatial-formats-guide/issues/193,2026-05-13T00:28:05Z,2026-07-20T14:56:48Z,cloudnativegeo,cloud-optimized-geospatial-formats-guide,abarciauskas-bgse
205,Add format-selection decision framework page and case studies,PR,closed,emmanuelmathot,https://github.com/cloudnativegeo/cloud-optimized-geospatial-formats-guide/pull/205,2026-08-03T15:28:20Z,2026-09-30T09:53:30Z,cloudnativegeo,cloud-optimized-geospatial-formats-guide,abarciauskas-bgse
1,feat: scope grants to prefix within bucket,PR,closed,maxrjones,https://github.com/developmentseed/naqfc-virtualizarr-data-pipelines/pull/1,2026-08-20T21:17:07Z,2026-08-24T16:09:42Z,developmentseed,naqfc-virtualizarr-data-pipelines,sharkinsspatial
1501,chore: release 2.4.0,PR,closed,ds-release-bot[bot],https://github.com/developmentseed/titiler/pull/1501,2026-09-15T16:45:26Z,2026-09-21T11:41:19Z,developmentseed,titiler,hrodmn
1503,Expose xarray coordinate values,Issue,closed,hrodmn,https://github.com/developmentseed/titiler/issues/1503,2026-09-17T19:43:12Z,2026-09-18T14:46:14Z,developmentseed,titiler,hrodmn
206,chore(main): release 1.1.3,PR,closed,ds-release-bot[bot],https://github.com/developmentseed/titiler-cmr/pull/206,2026-07-01T13:58:00Z,2026-09-22T15:19:36Z,developmentseed,titiler-cmr,hrodmn
212,ci(deps): bump the all group across 1 directory with 5 updates,PR,closed,dependabot[bot],https://github.com/developmentseed/titiler-cmr/pull/212,2026-08-01T13:56:15Z,2026-09-15T16:30:41Z,developmentseed,titiler-cmr,hrodmn
213,Expand the statistics endpoint documentation,Issue,closed,hrodmn,https://github.com/developmentseed/titiler-cmr/issues/213,2026-08-19T20:10:51Z,2026-08-27T17:35:27Z,developmentseed,titiler-cmr,hrodmn
215,docs: add categorical statistics examples,PR,closed,chuckwondo,https://github.com/developmentseed/titiler-cmr/pull/215,2026-08-26T17:29:51Z,2026-08-27T17:35:29Z,developmentseed,titiler-cmr,hrodmn
218,upgrade to to opentelemetry-instrumentation-fastapi>=0.64b,Issue,closed,hrodmn,https://github.com/developmentseed/titiler-cmr/issues/218,2026-09-22T15:03:42Z,2026-09-22T15:16:52Z,developmentseed,titiler-cmr,hrodmn
220,Update docs to use provisional rather than beta NISAR,Issue,closed,jsignell,https://github.com/developmentseed/titiler-cmr/issues/220,2026-09-22T20:57:41Z,2026-09-28T18:13:18Z,developmentseed,titiler-cmr,hrodmn
140,"feat: enable multiple sources, render as a mosaic",PR,closed,hrodmn,https://github.com/developmentseed/titiler-multidim/pull/140,2026-08-15T01:42:56Z,2026-08-28T19:36:09Z,developmentseed,titiler-multidim,sharkinsspatial
141,Enable mosaic visualization of multidimensional sources,Issue,closed,hrodmn,https://github.com/developmentseed/titiler-multidim/issues/141,2026-08-17T16:20:02Z,2026-08-28T19:36:09Z,developmentseed,titiler-multidim,sharkinsspatial
146,"feat: typed, opt-in configuration for icechunk virtual chunk access",PR,closed,maxrjones,https://github.com/developmentseed/titiler-multidim/pull/146,2026-08-17T23:42:08Z,2026-08-24T18:54:24Z,developmentseed,titiler-multidim,sharkinsspatial
151,feat: filtering based on multiple variables,PR,closed,maxrjones,https://github.com/developmentseed/titiler-multidim/pull/151,2026-08-31T21:38:30Z,2026-10-02T19:05:36Z,developmentseed,titiler-multidim,sharkinsspatial
12,Refactor backfill processing to use partitioned fork and merge approach,Issue,closed,sharkinsspatial,https://github.com/developmentseed/virtualizarr-data-pipelines/issues/12,2026-06-12T19:28:03Z,2026-07-24T19:52:21Z,developmentseed,virtualizarr-data-pipelines,sharkinsspatial
16,Fix typo in .env.sample,PR,closed,maxrjones,https://github.com/developmentseed/virtualizarr-data-pipelines/pull/16,2026-07-23T02:01:40Z,2026-08-03T16:28:36Z,developmentseed,virtualizarr-data-pipelines,sharkinsspatial
17,docs: add dark-mode variant of architecture figure,PR,closed,maxrjones,https://github.com/developmentseed/virtualizarr-data-pipelines/pull/17,2026-07-23T02:20:21Z,2026-08-03T16:28:28Z,developmentseed,virtualizarr-data-pipelines,sharkinsspatial
41,Standardize use of `async` prefix/suffix,Issue,closed,kylebarron,https://github.com/developmentseed/zarrista/issues/41,2026-06-23T01:10:34Z,2026-08-07T18:18:13Z,developmentseed,zarrista,kylebarron
85,Epic: fleshing out a low-level library,Issue,closed,kylebarron,https://github.com/developmentseed/zarrista/issues/85,2026-07-09T16:59:13Z,2026-08-07T16:13:11Z,developmentseed,zarrista,kylebarron
86,expose methods on python store classes,Issue,closed,d-v-b,https://github.com/developmentseed/zarrista/issues/86,2026-07-10T20:55:53Z,2026-07-20T14:53:54Z,developmentseed,zarrista,d-v-b
87,Add `Array.store_metadata` and `AsyncArray.store_metadata`,Issue,closed,kylebarron,https://github.com/developmentseed/zarrista/issues/87,2026-07-14T15:43:38Z,2026-07-21T11:15:48Z,developmentseed,zarrista,kylebarron
88,Improve docs that `Array.from_metadata` does not mutate/write metadata,Issue,closed,kylebarron,https://github.com/developmentseed/zarrista/issues/88,2026-07-14T15:44:10Z,2026-07-21T11:15:49Z,developmentseed,zarrista,kylebarron
90,feat: add `.store` attribute to retrieve store input,PR,closed,kylebarron,https://github.com/developmentseed/zarrista/pull/90,2026-07-20T14:06:05Z,2026-07-20T14:54:01Z,developmentseed,zarrista,d-v-b
91,Add dependabot,Issue,closed,kylebarron,https://github.com/developmentseed/zarrista/issues/91,2026-07-21T10:05:56Z,2026-07-21T10:22:27Z,developmentseed,zarrista,kylebarron
103,Add import sorting to CI,Issue,closed,kylebarron,https://github.com/developmentseed/zarrista/issues/103,2026-07-22T13:48:59Z,2026-07-30T15:40:44Z,developmentseed,zarrista,kylebarron
104,FYI: zarrista depends on icechunk via zarrista.store,Issue,closed,psobolewskiPhD,https://github.com/developmentseed/zarrista/issues/104,2026-07-22T14:09:01Z,2026-07-30T17:25:32Z,developmentseed,zarrista,kylebarron
106,Support multi-chunk writes,Issue,closed,kylebarron,https://github.com/developmentseed/zarrista/issues/106,2026-07-23T13:12:32Z,2026-08-04T22:56:47Z,developmentseed,zarrista,kylebarron
110,chore(deps): bump zarrs_object_store from 0.6.2 to 0.7.0,PR,closed,dependabot[bot],https://github.com/developmentseed/zarrista/pull/110,2026-07-27T14:56:50Z,2026-07-30T14:17:40Z,developmentseed,zarrista,kylebarron
111,Support resizing existing arrays,Issue,closed,kylebarron,https://github.com/developmentseed/zarrista/issues/111,2026-07-28T17:43:19Z,2026-07-31T14:14:13Z,developmentseed,zarrista,kylebarron
112,handle zarr-metadata 0.4.0,Issue,closed,d-v-b,https://github.com/developmentseed/zarrista/issues/112,2026-07-29T20:07:32Z,2026-07-30T14:11:17Z,developmentseed,zarrista,d-v-b
113,fix: adapt to zarr-metadata 0.4 type renames,PR,closed,d-v-b,https://github.com/developmentseed/zarrista/pull/113,2026-07-29T20:11:22Z,2026-08-03T16:36:38Z,developmentseed,zarrista,kylebarron
116,feat: add Array.with_shape and Array.with_chunk_grid,PR,closed,kylebarron,https://github.com/developmentseed/zarrista/pull/116,2026-07-30T16:29:32Z,2026-08-03T16:35:23Z,developmentseed,zarrista,d-v-b
118,Allow setting array attributes,Issue,closed,kylebarron,https://github.com/developmentseed/zarrista/issues/118,2026-07-30T17:25:22Z,2026-08-04T22:03:03Z,developmentseed,zarrista,kylebarron
120,Ensure that all docstrings follow google docstring conventions,Issue,closed,kylebarron,https://github.com/developmentseed/zarrista/issues/120,2026-07-30T17:58:13Z,2026-07-31T15:48:53Z,developmentseed,zarrista,kylebarron
123,Switch `Array.filters/serializer/compressors` to `Array.codec_chain`,Issue,closed,kylebarron,https://github.com/developmentseed/zarrista/issues/123,2026-07-31T19:18:09Z,2026-08-03T19:01:45Z,developmentseed,zarrista,kylebarron
124,Ensure we release GIL everywhere relevant,Issue,closed,kylebarron,https://github.com/developmentseed/zarrista/issues/124,2026-07-31T22:51:46Z,2026-08-04T20:07:17Z,developmentseed,zarrista,kylebarron
125,Allow user to manage subchunk read cache,Issue,closed,kylebarron,https://github.com/developmentseed/zarrista/issues/125,2026-07-31T23:22:34Z,2026-08-04T21:27:27Z,developmentseed,zarrista,kylebarron
126,feat: Refactor user-facing codec/encoded chunk API,PR,closed,kylebarron,https://github.com/developmentseed/zarrista/pull/126,2026-07-31T23:33:14Z,2026-08-03T16:35:27Z,developmentseed,zarrista,d-v-b
131,"feat: Make `retrieve_encoded_subchunk` return a `EncodedChunk` class, not raw bytes",PR,closed,kylebarron,https://github.com/developmentseed/zarrista/pull/131,2026-08-03T17:19:28Z,2026-08-03T18:59:44Z,developmentseed,zarrista,d-v-b
132,feat: Handle DLPack input when writing array chunks,PR,closed,kylebarron,https://github.com/developmentseed/zarrista/pull/132,2026-08-03T23:04:48Z,2026-08-10T16:11:14Z,developmentseed,zarrista,d-v-b
133,Discuss naming of CodecOptions,Issue,closed,kylebarron,https://github.com/developmentseed/zarrista/issues/133,2026-08-04T15:34:59Z,2026-08-04T16:44:45Z,developmentseed,zarrista,d-v-b
135,Be consistent in our API naming between `subchunk` and `shard`,Issue,closed,kylebarron,https://github.com/developmentseed/zarrista/issues/135,2026-08-04T20:11:29Z,2026-08-07T17:59:37Z,developmentseed,zarrista,kylebarron
137,feat: Add user-accessible APIs for managing shard index caching,PR,closed,kylebarron,https://github.com/developmentseed/zarrista/pull/137,2026-08-04T21:15:55Z,2026-08-10T16:11:16Z,developmentseed,zarrista,d-v-b
139,Consistently implement `__repr__` on user-facing objects.,Issue,closed,kylebarron,https://github.com/developmentseed/zarrista/issues/139,2026-08-04T21:27:12Z,2026-08-07T21:22:12Z,developmentseed,zarrista,kylebarron
141,feat: implement `Array.store_chunks`,PR,closed,kylebarron,https://github.com/developmentseed/zarrista/pull/141,2026-08-04T22:54:05Z,2026-08-10T16:11:17Z,developmentseed,zarrista,d-v-b
142,Clarify docstring on `Array.store_chunks`,Issue,closed,kylebarron,https://github.com/developmentseed/zarrista/issues/142,2026-08-05T14:45:00Z,2026-08-07T19:26:41Z,developmentseed,zarrista,kylebarron
153,Support global configuration?,Issue,closed,kylebarron,https://github.com/developmentseed/zarrista/issues/153,2026-08-07T16:02:54Z,2026-08-12T10:05:29Z,developmentseed,zarrista,d-v-b
164,docs: Clarify the chunk selection in `store_chunks`,PR,closed,kylebarron,https://github.com/developmentseed/zarrista/pull/164,2026-08-07T18:25:34Z,2026-08-10T16:11:25Z,developmentseed,zarrista,d-v-b
169,bump beta to 0.1.0-beta.8,PR,closed,kylebarron,https://github.com/developmentseed/zarrista/pull/169,2026-08-07T21:27:48Z,2026-08-10T16:11:29Z,developmentseed,zarrista,d-v-b
172,refactor!: Rename the decoded result types to the `Tensor` family,PR,closed,kylebarron,https://github.com/developmentseed/zarrista/pull/172,2026-08-10T20:24:24Z,2026-08-10T20:59:36Z,developmentseed,zarrista,d-v-b
175,Improve ergonomics of `FillValue` API by storing `DataType`,Issue,closed,kylebarron,https://github.com/developmentseed/zarrista/issues/175,2026-08-11T16:47:18Z,2026-09-22T14:28:58Z,developmentseed,zarrista,kylebarron
182,docs: 0.1 release blog post,PR,closed,kylebarron,https://github.com/developmentseed/zarrista/pull/182,2026-08-12T18:28:22Z,2026-08-13T13:54:53Z,developmentseed,zarrista,d-v-b
194,chore(deps-dev): bump ruff from 0.16.6 to 0.16.7 in the minor-and-patch group across 1 directory,PR,closed,dependabot[bot],https://github.com/developmentseed/zarrista/pull/194,2026-09-14T14:59:04Z,2026-09-15T18:38:19Z,developmentseed,zarrista,kylebarron
197,feat: Associate each `FillValue` with a specific `DataType`,PR,closed,kylebarron,https://github.com/developmentseed/zarrista/pull/197,2026-09-18T13:41:01Z,2026-09-22T14:28:58Z,developmentseed,zarrista,d-v-b
199,chore(deps): bump arrow-schema from 59.3.0 to 60.0.0,PR,closed,dependabot[bot],https://github.com/developmentseed/zarrista/pull/199,2026-09-21T14:56:14Z,2026-09-21T15:09:19Z,developmentseed,zarrista,kylebarron
200,chore(deps): bump arrow-array from 59.3.0 to 60.0.0,PR,closed,dependabot[bot],https://github.com/developmentseed/zarrista/pull/200,2026-09-21T14:56:18Z,2026-09-21T15:09:12Z,developmentseed,zarrista,kylebarron
201,chore(deps): bump arrow-buffer from 59.3.0 to 60.0.0,PR,closed,dependabot[bot],https://github.com/developmentseed/zarrista/pull/201,2026-09-21T14:56:22Z,2026-09-21T15:09:04Z,developmentseed,zarrista,kylebarron
10135,"Add a `.to_polars_df()` method (very similar to `.to_dataframe()`, which implicitly uses pandas)",Issue,closed,DeflateAwning,https://github.com/pydata/xarray/issues/10135,2025-03-16T21:50:44Z,2026-08-19T20:46:35Z,pydata,xarray,kylebarron
11232,Maintenance: Support zarr>=3.0,PR,closed,jhamman,https://github.com/pydata/xarray/pull/11232,2026-03-14T16:43:39Z,2026-07-29T22:57:32Z,pydata,xarray,d-v-b
11592,Read-only support for Zarr V3 rectilinear (variable-size) chunks,PR,closed,TomNicholas,https://github.com/pydata/xarray/pull/11592,2026-09-16T18:33:57Z,2026-09-29T20:35:30Z,pydata,xarray,d-v-b
669,Filter for space-filling-curves,Issue,closed,mrocklin,https://github.com/zarr-developers/numcodecs/issues/669,2016-11-05T18:40:02Z,2026-09-24T10:06:14Z,zarr-developers,numcodecs,d-v-b
843,Reproduce #810,PR,closed,alxmrs,https://github.com/zarr-developers/numcodecs/pull/843,2026-06-05T00:09:22Z,2026-09-27T11:38:22Z,zarr-developers,numcodecs,d-v-b
856,CI: set an explicit python-version for test-crc32c and test-zarr,PR,closed,glaziermag,https://github.com/zarr-developers/numcodecs/pull/856,2026-08-26T22:25:46Z,2026-09-17T07:41:34Z,zarr-developers,numcodecs,d-v-b
858,Add free-threaded CPython (3.14t) support,PR,closed,kumaraditya303,https://github.com/zarr-developers/numcodecs/pull/858,2026-09-09T14:21:31Z,2026-09-17T04:12:24Z,zarr-developers,numcodecs,d-v-b
860,Fix dependencies for blosc extension,PR,closed,QuLogic,https://github.com/zarr-developers/numcodecs/pull/860,2026-09-18T06:22:37Z,2026-09-18T08:59:53Z,zarr-developers,numcodecs,d-v-b
862,meson can't find cython or numpy,Issue,closed,Schamschula,https://github.com/zarr-developers/numcodecs/issues/862,2026-09-18T20:28:46Z,2026-09-20T12:18:38Z,zarr-developers,numcodecs,d-v-b
8,Default compression settings,Issue,closed,mrocklin,https://github.com/zarr-developers/zarr-python/issues/8,2015-12-23T15:26:59Z,2026-09-24T10:36:11Z,zarr-developers,zarr-python,d-v-b
40,Consider support for storing chunks in z-order,Issue,closed,shoyer,https://github.com/zarr-developers/zarr-python/issues/40,2016-07-26T23:57:29Z,2026-09-24T10:06:50Z,zarr-developers,zarr-python,d-v-b
233,Shortening edge chunks,Issue,closed,jakirkham,https://github.com/zarr-developers/zarr-python/issues/233,2018-01-26T00:24:59Z,2026-09-24T09:46:07Z,zarr-developers,zarr-python,d-v-b
297,Links between groups,Issue,closed,mrocklin,https://github.com/zarr-developers/zarr-python/issues/297,2018-08-31T16:22:42Z,2026-09-24T10:05:15Z,zarr-developers,zarr-python,d-v-b
354,Better handling of typed values in JSON,Issue,closed,jakirkham,https://github.com/zarr-developers/zarr-python/issues/354,2018-12-04T07:18:43Z,2026-09-24T10:47:03Z,zarr-developers,zarr-python,d-v-b
415,Adding Memcached Store,Issue,closed,jakirkham,https://github.com/zarr-developers/zarr-python/issues/415,2019-03-05T07:16:48Z,2026-09-24T09:47:28Z,zarr-developers,zarr-python,d-v-b
438,Database sources where each array element is a separate database row,Issue,closed,ryan-williams,https://github.com/zarr-developers/zarr-python/issues/438,2019-05-08T23:34:37Z,2026-09-24T09:46:49Z,zarr-developers,zarr-python,d-v-b
477,custom icons for zarr files,Issue,closed,sofroniewn,https://github.com/zarr-developers/zarr-python/issues/477,2019-09-05T17:24:56Z,2026-09-24T10:07:13Z,zarr-developers,zarr-python,d-v-b
587,How to detect missing chunks in a zarr array.,Issue,closed,royerloic,https://github.com/zarr-developers/zarr-python/issues/587,2020-08-26T01:47:34Z,2026-09-24T09:49:39Z,zarr-developers,zarr-python,d-v-b
690,"Feature request: One array available in more than one group, or under several names.",Issue,closed,adrianloy,https://github.com/zarr-developers/zarr-python/issues/690,2021-01-14T10:02:45Z,2026-09-24T09:25:40Z,zarr-developers,zarr-python,d-v-b
736,Join or view over the same chunk across multiple sub-groups in DirectoryStore,Issue,closed,sanjaysrikakulam,https://github.com/zarr-developers/zarr-python/issues/736,2021-05-06T08:06:49Z,2026-09-24T09:28:24Z,zarr-developers,zarr-python,d-v-b
771,numba njit support,Issue,closed,aero-108,https://github.com/zarr-developers/zarr-python/issues/771,2021-06-08T11:32:36Z,2026-09-24T09:27:31Z,zarr-developers,zarr-python,d-v-b
917,DOC: make Creating a development environment doc copy-pastable,Issue,closed,raybellwaves,https://github.com/zarr-developers/zarr-python/issues/917,2021-12-21T03:04:42Z,2026-09-24T10:48:36Z,zarr-developers,zarr-python,d-v-b
1257,`zarr.group` creates unexpected chain of `.zgroup`s in the store when using the `path=` kwarg,Issue,closed,ChiliJohnson,https://github.com/zarr-developers/zarr-python/issues/1257,2022-11-10T19:58:49Z,2026-09-24T09:29:00Z,zarr-developers,zarr-python,d-v-b
1375,Some read tests fail on big-endian machines,Issue,closed,QuLogic,https://github.com/zarr-developers/zarr-python/issues/1375,2023-03-26T07:19:43Z,2026-09-24T09:37:26Z,zarr-developers,zarr-python,d-v-b
1629,Arrays with padded structured datatypes fail,Issue,closed,jrs65,https://github.com/zarr-developers/zarr-python/issues/1629,2024-01-10T11:05:57Z,2026-09-24T10:22:08Z,zarr-developers,zarr-python,d-v-b
1735,non-deterministic test failures in test_open_array and test_open_group,Issue,closed,apteryks,https://github.com/zarr-developers/zarr-python/issues/1735,2024-03-31T14:40:33Z,2026-09-24T09:38:19Z,zarr-developers,zarr-python,d-v-b
1795,Deserializing arrays should not trigger load_metadata,Issue,closed,rabernat,https://github.com/zarr-developers/zarr-python/issues/1795,2024-04-16T01:58:35Z,2026-09-24T10:43:26Z,zarr-developers,zarr-python,d-v-b
1888,2.18.1: sphinx warnings `reference target not found`,Issue,closed,kloczek,https://github.com/zarr-developers/zarr-python/issues/1888,2024-05-17T07:44:21Z,2026-09-24T10:49:13Z,zarr-developers,zarr-python,d-v-b
1891,2.18.1: pytest fails with `numcodecs` 0.12.1,Issue,closed,kloczek,https://github.com/zarr-developers/zarr-python/issues/1891,2024-05-17T09:44:51Z,2026-09-24T10:23:26Z,zarr-developers,zarr-python,d-v-b
2030,[v3] `ShardingCodec` allows user to violate the `index_codecs` invariant.,Issue,closed,zoj613,https://github.com/zarr-developers/zarr-python/issues/2030,2024-07-11T19:26:51Z,2026-09-24T10:00:39Z,zarr-developers,zarr-python,d-v-b
2033,http zarr proxy ,Issue,closed,d-v-b,https://github.com/zarr-developers/zarr-python/issues/2033,2024-07-13T17:35:37Z,2026-08-12T10:50:40Z,zarr-developers,zarr-python,d-v-b
2038,_merge_chunk_array could allocate memory more carefully,Issue,closed,rabernat,https://github.com/zarr-developers/zarr-python/issues/2038,2024-07-14T22:21:36Z,2026-09-24T10:13:39Z,zarr-developers,zarr-python,d-v-b
2077,parallel append broken with ProcessSynchronizer,Issue,closed,jasonkena,https://github.com/zarr-developers/zarr-python/issues/2077,2024-08-10T21:36:57Z,2026-09-24T09:44:39Z,zarr-developers,zarr-python,d-v-b
2134,[v3] Structured dtype support,Issue,closed,jhamman,https://github.com/zarr-developers/zarr-python/issues/2134,2024-08-28T02:57:53Z,2026-09-24T09:19:11Z,zarr-developers,zarr-python,d-v-b
2174,"`nbytes_stored` incorrect when `dimension_separator=""/""`",Issue,closed,dstansby,https://github.com/zarr-developers/zarr-python/issues/2174,2024-09-11T18:53:55Z,2026-09-24T10:03:05Z,zarr-developers,zarr-python,d-v-b
2500,`v2` Object Encoding in `3.x.x` python package,Issue,closed,ilan-gold,https://github.com/zarr-developers/zarr-python/issues/2500,2024-11-18T15:46:42Z,2026-09-24T10:46:15Z,zarr-developers,zarr-python,d-v-b
2737,DOC: Add memory-mapping example to storage guide,PR,closed,bendichter,https://github.com/zarr-developers/zarr-python/pull/2737,2025-01-20T20:35:25Z,2026-09-15T22:11:10Z,zarr-developers,zarr-python,d-v-b
2756,"use ""/"" as the default dimension separator for v2 arrays",Issue,closed,d-v-b,https://github.com/zarr-developers/zarr-python/issues/2756,2025-01-24T10:49:56Z,2026-09-24T11:13:51Z,zarr-developers,zarr-python,d-v-b
2792,Error in string data type handling with 0 fill value,Issue,closed,LDeakin,https://github.com/zarr-developers/zarr-python/issues/2792,2025-02-03T22:49:18Z,2026-09-24T11:19:04Z,zarr-developers,zarr-python,d-v-b
2834,bug with setitem with oindex and sharding,Issue,closed,dcherian,https://github.com/zarr-developers/zarr-python/issues/2834,2025-02-14T17:55:04Z,2026-09-24T09:13:28Z,zarr-developers,zarr-python,d-v-b
2981,Unclear support status of Zarr V3 Specification in zarr-python 2.x,Issue,closed,candleindark,https://github.com/zarr-developers/zarr-python/issues/2981,2025-04-14T02:47:16Z,2026-09-24T11:22:03Z,zarr-developers,zarr-python,d-v-b
3025,disallow numpy scalars for `metadata.fill_value`,Issue,closed,d-v-b,https://github.com/zarr-developers/zarr-python/issues/3025,2025-04-28T11:53:20Z,2026-09-30T09:01:52Z,zarr-developers,zarr-python,d-v-b
3054,sharding codec use of lru caching fails with numpy void scalars,Issue,closed,d-v-b,https://github.com/zarr-developers/zarr-python/issues/3054,2025-05-13T11:55:48Z,2026-07-29T11:43:08Z,zarr-developers,zarr-python,d-v-b
3076,accelerating v2 -> v3 migration,Issue,closed,d-v-b,https://github.com/zarr-developers/zarr-python/issues/3076,2025-05-21T10:41:25Z,2026-09-24T11:21:16Z,zarr-developers,zarr-python,d-v-b
3126,Modifying an array in a `MemoryStore` with multiprocessing does not work,Issue,closed,dstansby,https://github.com/zarr-developers/zarr-python/issues/3126,2025-06-09T14:44:46Z,2026-09-30T09:00:48Z,zarr-developers,zarr-python,d-v-b
3168,disallow 0-length fixed-size data types,Issue,closed,d-v-b,https://github.com/zarr-developers/zarr-python/issues/3168,2025-06-25T08:37:02Z,2026-09-24T09:14:43Z,zarr-developers,zarr-python,d-v-b
3238,zarr-python hangs when opening a group from google cloud storage,Issue,closed,K-Meech,https://github.com/zarr-developers/zarr-python/issues/3238,2025-07-14T10:55:06Z,2026-09-24T11:19:52Z,zarr-developers,zarr-python,d-v-b
3254,Order of keys created by `ArrayV2Metadata.to_dict` has changed between versions,Issue,closed,TomNicholas,https://github.com/zarr-developers/zarr-python/issues/3254,2025-07-15T22:18:32Z,2026-09-24T11:20:18Z,zarr-developers,zarr-python,d-v-b
3256,Numcodecs Delta filter throws AttributeError when astype is specified,Issue,closed,K-Meech,https://github.com/zarr-developers/zarr-python/issues/3256,2025-07-16T10:56:16Z,2026-09-24T09:20:15Z,zarr-developers,zarr-python,d-v-b
3285,unified runtime type checking for our json data,Issue,closed,d-v-b,https://github.com/zarr-developers/zarr-python/issues/3285,2025-07-23T08:58:19Z,2026-08-13T15:06:54Z,zarr-developers,zarr-python,d-v-b
3350,friction with our use of the `Buffer` class,Issue,closed,d-v-b,https://github.com/zarr-developers/zarr-python/issues/3350,2025-08-06T11:32:51Z,2026-09-30T08:59:09Z,zarr-developers,zarr-python,d-v-b
3352,`zarr.api.asynchronous.open_like` is broken,Issue,closed,d-v-b,https://github.com/zarr-developers/zarr-python/issues/3352,2025-08-06T11:57:09Z,2026-07-28T20:24:10Z,zarr-developers,zarr-python,d-v-b
3356,consider widening the accepted JSON inputs for fill values,Issue,closed,d-v-b,https://github.com/zarr-developers/zarr-python/issues/3356,2025-08-07T11:55:44Z,2026-09-24T09:17:49Z,zarr-developers,zarr-python,d-v-b
3360,add `codec_registry` as a keyword argument to array access routines,Issue,closed,d-v-b,https://github.com/zarr-developers/zarr-python/issues/3360,2025-08-10T21:26:50Z,2026-09-30T08:59:46Z,zarr-developers,zarr-python,d-v-b
3377,`group.require_array` is not compatible with new dtypes,Issue,closed,d-v-b,https://github.com/zarr-developers/zarr-python/issues/3377,2025-08-13T21:11:59Z,2026-08-12T19:29:13Z,zarr-developers,zarr-python,d-v-b
3433,Certain extension points of zarr are not implemented,Issue,closed,remcofl,https://github.com/zarr-developers/zarr-python/issues/3433,2025-09-04T14:42:12Z,2026-09-30T08:58:23Z,zarr-developers,zarr-python,d-v-b
3471,"should the default path for the `FsspecStore` be `""/""` or `""""`",Issue,closed,d-v-b,https://github.com/zarr-developers/zarr-python/issues/3471,2025-09-18T14:17:54Z,2026-09-25T09:15:06Z,zarr-developers,zarr-python,d-v-b
3495,Failure to list keys on remote HTTP store,Issue,closed,ianhi,https://github.com/zarr-developers/zarr-python/issues/3495,2025-09-30T18:43:44Z,2026-09-25T07:00:31Z,zarr-developers,zarr-python,d-v-b
3523,metadata parsing rejects zarr metadata with unknown fields,Issue,closed,d-v-b,https://github.com/zarr-developers/zarr-python/issues/3523,2025-10-15T07:15:43Z,2026-09-30T08:43:31Z,zarr-developers,zarr-python,d-v-b
3524,Array indexing with Zarr 3 is noticeably slower than with Zarr 2,Issue,closed,b8raoult,https://github.com/zarr-developers/zarr-python/issues/3524,2025-10-15T08:18:31Z,2026-09-29T11:15:08Z,zarr-developers,zarr-python,d-v-b
3546,"fixed length subtype recarray + ""auto"" shards crashes",Issue,closed,ilan-gold,https://github.com/zarr-developers/zarr-python/issues/3546,2025-10-24T15:27:11Z,2026-09-25T06:59:04Z,zarr-developers,zarr-python,d-v-b
3575,Zarr over https returns an empty string in `keys()`,Issue,closed,b8raoult,https://github.com/zarr-developers/zarr-python/issues/3575,2025-11-09T12:32:56Z,2026-09-24T17:42:44Z,zarr-developers,zarr-python,d-v-b
3622,Support opening >u1 dtype,Issue,closed,dstansby,https://github.com/zarr-developers/zarr-python/issues/3622,2025-12-16T09:05:10Z,2026-09-23T14:04:21Z,zarr-developers,zarr-python,d-v-b
3675,Allow `Store.set` to take `bytes`,Issue,closed,d-v-b,https://github.com/zarr-developers/zarr-python/issues/3675,2026-01-26T14:10:03Z,2026-09-29T11:12:55Z,zarr-developers,zarr-python,d-v-b
3709,should we remove support for inline consolidated metadata?,Issue,closed,d-v-b,https://github.com/zarr-developers/zarr-python/issues/3709,2026-02-13T19:10:05Z,2026-07-23T20:12:48Z,zarr-developers,zarr-python,d-v-b
3913,upstream basic metadata classes,Issue,closed,d-v-b,https://github.com/zarr-developers/zarr-python/issues/3913,2026-04-16T10:03:45Z,2026-09-16T11:13:33Z,zarr-developers,zarr-python,d-v-b
3989,test cleanup / consolidation,Issue,closed,d-v-b,https://github.com/zarr-developers/zarr-python/issues/3989,2026-05-20T15:06:09Z,2026-09-29T11:11:39Z,zarr-developers,zarr-python,d-v-b
3991,Release Zarr-Python v3.2.2,Issue,closed,d-v-b,https://github.com/zarr-developers/zarr-python/issues/3991,2026-05-20T20:14:10Z,2026-07-16T17:43:49Z,zarr-developers,zarr-python,d-v-b
4056,"[docs] very basic zarr tutorial -- ""zarr for absolute beginners""",Issue,closed,d-v-b,https://github.com/zarr-developers/zarr-python/issues/4056,2026-06-10T15:38:01Z,2026-08-17T22:24:33Z,zarr-developers,zarr-python,chuckwondo
4063,Add unified JSON metadata validation via msgspec (#3285),PR,closed,vup903,https://github.com/zarr-developers/zarr-python/pull/4063,2026-06-15T06:08:58Z,2026-08-13T15:06:53Z,zarr-developers,zarr-python,chuckwondo
4076,chore: CI worfklows for linting docs,PR,closed,maxrjones,https://github.com/zarr-developers/zarr-python/pull/4076,2026-06-17T18:25:52Z,2026-07-16T15:30:22Z,zarr-developers,zarr-python,chuckwondo
4086,test_multiprocessing[fork] fails on Python 3.15,Issue,closed,QuLogic,https://github.com/zarr-developers/zarr-python/issues/4086,2026-06-22T05:24:37Z,2026-07-13T19:14:33Z,zarr-developers,zarr-python,d-v-b
4117,fix: skip object store prefix markers in list_dir,PR,closed,AMBRA7592,https://github.com/zarr-developers/zarr-python/pull/4117,2026-07-02T20:39:18Z,2026-07-14T09:48:17Z,zarr-developers,zarr-python,d-v-b
4119,feat(zarr-metadata): Zarr metadata model layer,PR,closed,d-v-b,https://github.com/zarr-developers/zarr-python/pull/4119,2026-07-05T19:49:19Z,2026-07-28T20:06:03Z,zarr-developers,zarr-python,kylebarron
4131,dev blog,Issue,closed,d-v-b,https://github.com/zarr-developers/zarr-python/issues/4131,2026-07-08T12:07:50Z,2026-09-16T11:13:53Z,zarr-developers,zarr-python,d-v-b
4141,v3 structured dtype serialization drops per-field endianness (silent byte-order loss on metadata roundtrip),Issue,closed,emfdavid,https://github.com/zarr-developers/zarr-python/issues/4141,2026-07-13T05:00:21Z,2026-07-14T11:25:17Z,zarr-developers,zarr-python,d-v-b
4145,chore: add Ilan Gold to the team list,PR,closed,ilan-gold,https://github.com/zarr-developers/zarr-python/pull/4145,2026-07-14T14:59:39Z,2026-07-23T20:38:36Z,zarr-developers,zarr-python,d-v-b
4146,fix: let open_like create arrays by default,PR,closed,goutamadwant,https://github.com/zarr-developers/zarr-python/pull/4146,2026-07-15T00:29:24Z,2026-07-28T20:24:09Z,zarr-developers,zarr-python,d-v-b
4147,v3 structured dtype: per-field endianness still lost on metadata roundtrip (#4142 covers the write path only; breaks virtual/reference stores),Issue,closed,emfdavid,https://github.com/zarr-developers/zarr-python/issues/4147,2026-07-15T03:57:43Z,2026-07-17T04:17:01Z,zarr-developers,zarr-python,d-v-b
4149,docs: add roadmap page outlining future plans,PR,closed,d-v-b,https://github.com/zarr-developers/zarr-python/pull/4149,2026-07-15T20:08:18Z,2026-08-14T19:36:13Z,zarr-developers,zarr-python,kylebarron
4151,chore(deps): bump the python-dependencies group with 6 updates,PR,closed,dependabot[bot],https://github.com/zarr-developers/zarr-python/pull/4151,2026-07-16T04:30:02Z,2026-07-23T04:29:41Z,zarr-developers,zarr-python,d-v-b
4152,chore(deps): bump the actions group across 1 directory with 6 updates,PR,closed,dependabot[bot],https://github.com/zarr-developers/zarr-python/pull/4152,2026-07-16T15:35:30Z,2026-07-17T11:19:05Z,zarr-developers,zarr-python,d-v-b
4153,chore: cleanup indentation and guidance for release,PR,closed,maxrjones,https://github.com/zarr-developers/zarr-python/pull/4153,2026-07-16T16:34:46Z,2026-07-16T17:42:29Z,zarr-developers,zarr-python,d-v-b
4156,buffer aliasing in memory storage w/ no compression,Issue,closed,d-v-b,https://github.com/zarr-developers/zarr-python/issues/4156,2026-07-16T20:24:37Z,2026-07-30T15:34:15Z,zarr-developers,zarr-python,d-v-b
4169,chore(deps): bump pillow from 12.2.0 to 12.3.0,PR,closed,dependabot[bot],https://github.com/zarr-developers/zarr-python/pull/4169,2026-07-21T15:50:43Z,2026-07-22T21:57:42Z,zarr-developers,zarr-python,d-v-b
4170,arr_1d[np.sort(idx)] can be much faster (CoordinateIndexer fast path),Issue,closed,selmanozleyen,https://github.com/zarr-developers/zarr-python/issues/4170,2026-07-21T17:56:09Z,2026-07-29T13:13:48Z,zarr-developers,zarr-python,d-v-b
4172,perf(indexing): speed up sorted 1-D coordinate selections,PR,closed,selmanozleyen,https://github.com/zarr-developers/zarr-python/pull/4172,2026-07-21T21:14:13Z,2026-07-29T13:13:47Z,zarr-developers,zarr-python,d-v-b
4174,set_coordinate_selection runs out-of-memory for large arrays,Issue,closed,sehoffmann,https://github.com/zarr-developers/zarr-python/issues/4174,2026-07-22T12:28:43Z,2026-09-28T17:17:23Z,zarr-developers,zarr-python,d-v-b
4176,chore(deps): bump setuptools from 82.0.1 to 83.0.0,PR,closed,dependabot[bot],https://github.com/zarr-developers/zarr-python/pull/4176,2026-07-22T14:07:44Z,2026-07-22T21:42:22Z,zarr-developers,zarr-python,d-v-b
4178,Unergonomic error for when using the FusedCodecPipeline + Sharding with an inner async-only codec,Issue,closed,d-v-b,https://github.com/zarr-developers/zarr-python/issues/4178,2026-07-22T14:53:28Z,2026-07-29T13:20:41Z,zarr-developers,zarr-python,d-v-b
4181,chore(deps): bump the actions group with 3 updates,PR,closed,dependabot[bot],https://github.com/zarr-developers/zarr-python/pull/4181,2026-07-23T04:25:29Z,2026-07-27T16:11:53Z,zarr-developers,zarr-python,d-v-b
4183,"fix(ArraySpec): proper and robust equality semantics for ArraySpec by checking fill_value for byte-identicality, fixes #3054.",PR,closed,sehoffmann,https://github.com/zarr-developers/zarr-python/pull/4183,2026-07-23T12:06:59Z,2026-07-29T11:43:07Z,zarr-developers,zarr-python,d-v-b
4187,feat: ZipStore accepts open binary file-like objects,PR,closed,jhamman,https://github.com/zarr-developers/zarr-python/pull/4187,2026-07-26T03:50:36Z,2026-07-28T02:31:15Z,zarr-developers,zarr-python,d-v-b
4189,fix: allow `require_array` to accept a `ZDType`,PR,closed,JOhnsonKC201,https://github.com/zarr-developers/zarr-python/pull/4189,2026-07-27T03:28:38Z,2026-08-12T19:29:12Z,zarr-developers,zarr-python,d-v-b
4193,Convert rst double-backtick docstring markup to markdown,PR,closed,jhamman,https://github.com/zarr-developers/zarr-python/pull/4193,2026-07-28T12:36:57Z,2026-08-03T17:15:18Z,zarr-developers,zarr-python,d-v-b
4199,tests/benchmarks/test_e2e.py requires sudo,Issue,closed,sehoffmann,https://github.com/zarr-developers/zarr-python/issues/4199,2026-07-29T10:33:39Z,2026-07-29T11:43:38Z,zarr-developers,zarr-python,d-v-b
4207,docs for subpackage(s),Issue,closed,d-v-b,https://github.com/zarr-developers/zarr-python/issues/4207,2026-07-29T15:45:36Z,2026-07-29T20:44:29Z,zarr-developers,zarr-python,d-v-b
4212,pass ruff >= 0.16,Issue,closed,d-v-b,https://github.com/zarr-developers/zarr-python/issues/4212,2026-07-29T20:45:59Z,2026-08-11T15:32:44Z,zarr-developers,zarr-python,d-v-b
4214,docs: fix link checker errors and warnings; run weekly,PR,closed,maxrjones,https://github.com/zarr-developers/zarr-python/pull/4214,2026-07-30T02:05:29Z,2026-08-03T16:34:35Z,zarr-developers,zarr-python,d-v-b
4215,chore(deps): bump the actions group across 1 directory with 6 updates,PR,closed,dependabot[bot],https://github.com/zarr-developers/zarr-python/pull/4215,2026-07-30T04:25:34Z,2026-08-06T04:25:49Z,zarr-developers,zarr-python,d-v-b
4216,chore(deps): bump the python-dependencies group across 1 directory with 11 updates,PR,closed,dependabot[bot],https://github.com/zarr-developers/zarr-python/pull/4216,2026-07-30T04:30:45Z,2026-07-30T12:00:38Z,zarr-developers,zarr-python,d-v-b
4220,FsspecStore.from_mapper() fails with DefaultAzureCredential because AzureBlobFileSystem is not JSON serializable,Issue,closed,hginzel,https://github.com/zarr-developers/zarr-python/issues/4220,2026-07-30T19:36:59Z,2026-08-05T14:34:28Z,zarr-developers,zarr-python,d-v-b
4225,Fix broken docstring-consistency test - it reveals mismatches in parameter docs,Issue,closed,Aniketsy,https://github.com/zarr-developers/zarr-python/issues/4225,2026-08-01T09:44:08Z,2026-09-30T08:00:34Z,zarr-developers,zarr-python,d-v-b
4229,docs: show package tag instead of monorepo release in subpackage docs,PR,closed,maxrjones,https://github.com/zarr-developers/zarr-python/pull/4229,2026-08-03T18:24:14Z,2026-09-25T06:21:19Z,zarr-developers,zarr-python,d-v-b
4231,chore: update pre-commit hooks,PR,closed,pre-commit-ci[bot],https://github.com/zarr-developers/zarr-python/pull/4231,2026-08-03T19:31:18Z,2026-09-17T09:27:23Z,zarr-developers,zarr-python,d-v-b
4236,(zarr-metadata/zarr-indexing) document RTD slug quirks,Issue,closed,d-v-b,https://github.com/zarr-developers/zarr-python/issues/4236,2026-08-05T08:17:10Z,2026-09-16T11:11:32Z,zarr-developers,zarr-python,d-v-b
4237,"""ValueError: Input array must be contiguous"" when *cast_value* codec next to *transpose* codec",Issue,closed,raphaeljolivet,https://github.com/zarr-developers/zarr-python/issues/4237,2026-08-05T08:53:45Z,2026-08-13T19:50:09Z,zarr-developers,zarr-python,d-v-b
4242,chore(deps-dev): bump the python-dependencies group across 1 directory with 5 updates,PR,closed,dependabot[bot],https://github.com/zarr-developers/zarr-python/pull/4242,2026-08-06T04:29:48Z,2026-08-11T19:16:35Z,zarr-developers,zarr-python,d-v-b
4244,Universal-pathlib support for zarr.open,Issue,closed,mark-boer,https://github.com/zarr-developers/zarr-python/issues/4244,2026-08-10T14:45:41Z,2026-08-17T12:41:29Z,zarr-developers,zarr-python,d-v-b
4246,main zarr-python docs should link to subpackages,Issue,closed,d-v-b,https://github.com/zarr-developers/zarr-python/issues/4246,2026-08-11T16:07:42Z,2026-08-12T09:02:04Z,zarr-developers,zarr-python,d-v-b
4247,docs: add a page linking to the companion packages,PR,closed,d-v-b,https://github.com/zarr-developers/zarr-python/pull/4247,2026-08-11T19:28:23Z,2026-08-12T09:02:03Z,zarr-developers,zarr-python,kylebarron
4250,refresh main `README.md`,Issue,closed,d-v-b,https://github.com/zarr-developers/zarr-python/issues/4250,2026-08-12T12:35:15Z,2026-08-12T14:46:19Z,zarr-developers,zarr-python,d-v-b
4254,avoid comparing exact output of gzip encoding in codec pipeline tests,Issue,closed,d-v-b,https://github.com/zarr-developers/zarr-python/issues/4254,2026-08-12T14:45:39Z,2026-08-28T20:01:53Z,zarr-developers,zarr-python,d-v-b
4255,Regression in 3.3.0: numpy integer chunk sizes raise TypeError: 'numpy.int64' object is not iterable,Issue,closed,ieivanov,https://github.com/zarr-developers/zarr-python/issues/4255,2026-08-12T19:21:06Z,2026-08-12T20:54:24Z,zarr-developers,zarr-python,d-v-b
4256,Release Zarr-Python v3.4.0,Issue,closed,d-v-b,https://github.com/zarr-developers/zarr-python/issues/4256,2026-08-12T19:34:02Z,2026-09-16T11:10:31Z,zarr-developers,zarr-python,d-v-b
4258,chore(deps): bump the actions group with 4 updates,PR,closed,dependabot[bot],https://github.com/zarr-developers/zarr-python/pull/4258,2026-08-13T04:26:04Z,2026-08-13T05:41:20Z,zarr-developers,zarr-python,d-v-b
4259,chore(deps): bump the python-dependencies group with 6 updates,PR,closed,dependabot[bot],https://github.com/zarr-developers/zarr-python/pull/4259,2026-08-13T04:29:51Z,2026-08-13T08:16:33Z,zarr-developers,zarr-python,d-v-b
4264,fix(zarr-metadata): make JSONValue's array arm covariant,PR,closed,d-v-b,https://github.com/zarr-developers/zarr-python/pull/4264,2026-08-14T09:44:37Z,2026-08-20T23:33:51Z,zarr-developers,zarr-python,kylebarron
4270,fix: skip exact byte comparison for gzip codec due to timestamp variance,PR,closed,sheikhayaan,https://github.com/zarr-developers/zarr-python/pull/4270,2026-08-18T03:29:43Z,2026-08-28T20:01:52Z,zarr-developers,zarr-python,d-v-b
4271,handle missing codecs by telling users what package to install to get the codec,Issue,closed,d-v-b,https://github.com/zarr-developers/zarr-python/issues/4271,2026-08-18T07:25:54Z,2026-08-30T14:31:32Z,zarr-developers,zarr-python,d-v-b
4272,"A rectilinear chunk spec with a short trailing chunk is silently normalized to a regular grid, changing resize semantics",Issue,closed,thomas-maschler,https://github.com/zarr-developers/zarr-python/issues/4272,2026-08-19T20:47:02Z,2026-09-09T07:51:07Z,zarr-developers,zarr-python,d-v-b
4273,"The ""Nightly Hypothesis tests failed"" auto-issue has never been filed: all 30 retained nightly failures died in the report step",Issue,closed,glaziermag,https://github.com/zarr-developers/zarr-python/issues/4273,2026-08-19T21:38:20Z,2026-08-20T07:46:26Z,zarr-developers,zarr-python,d-v-b
4274,fix: make the nightly hypothesis failure alarm able to file issues,PR,closed,glaziermag,https://github.com/zarr-developers/zarr-python/pull/4274,2026-08-19T22:26:07Z,2026-08-20T07:46:25Z,zarr-developers,zarr-python,d-v-b
4277,feat: name packages that provide a codec zarr cannot find,PR,closed,arcusbuilds,https://github.com/zarr-developers/zarr-python/pull/4277,2026-08-20T06:00:22Z,2026-08-30T14:32:18Z,zarr-developers,zarr-python,d-v-b
4278,chore(deps): bump the python-dependencies group across 1 directory with 7 updates,PR,closed,dependabot[bot],https://github.com/zarr-developers/zarr-python/pull/4278,2026-08-20T07:53:51Z,2026-08-21T08:55:23Z,zarr-developers,zarr-python,d-v-b
4279,fix: reject a string-valued zero scale in the scale_offset codec,PR,closed,dylanpulver,https://github.com/zarr-developers/zarr-python/pull/4279,2026-08-21T20:16:57Z,2026-08-22T12:07:01Z,zarr-developers,zarr-python,d-v-b
4284,fix: shape the value buffer for coordinate selections in sharded writes,PR,closed,dylanpulver,https://github.com/zarr-developers/zarr-python/pull/4284,2026-08-25T13:52:05Z,2026-09-04T09:00:08Z,zarr-developers,zarr-python,d-v-b
4286,fix: unsigned index arrays raise IndexError because np.diff wraps and uint64 promotes,PR,closed,selmanozleyen,https://github.com/zarr-developers/zarr-python/pull/4286,2026-08-25T20:38:55Z,2026-09-09T12:39:46Z,zarr-developers,zarr-python,d-v-b
4288,fix: keep fill value and attributes in from_array,PR,closed,paraseba,https://github.com/zarr-developers/zarr-python/pull/4288,2026-08-26T03:51:27Z,2026-08-26T09:54:27Z,zarr-developers,zarr-python,d-v-b
4291,"DOC: zarr-http-server docs are incomplete, missing guide.md",Issue,closed,psobolewskiPhD,https://github.com/zarr-developers/zarr-python/issues/4291,2026-08-26T15:45:13Z,2026-08-26T19:18:11Z,zarr-developers,zarr-python,d-v-b
4294,chore(deps): bump the actions group across 1 directory with 4 updates,PR,closed,dependabot[bot],https://github.com/zarr-developers/zarr-python/pull/4294,2026-08-27T04:26:54Z,2026-08-27T06:43:58Z,zarr-developers,zarr-python,d-v-b
4295,chore(deps): bump the python-dependencies group with 7 updates,PR,closed,dependabot[bot],https://github.com/zarr-developers/zarr-python/pull/4295,2026-08-27T04:30:53Z,2026-08-27T07:00:49Z,zarr-developers,zarr-python,d-v-b
4297,docs: document Read the Docs slugs for subpackage releases,PR,closed,cucuwang,https://github.com/zarr-developers/zarr-python/pull/4297,2026-08-30T04:20:28Z,2026-09-02T17:50:13Z,zarr-developers,zarr-python,d-v-b
4299,chore(deps): raise numcodes >= 0.16.3 for gcc>=15 support,PR,closed,romanc,https://github.com/zarr-developers/zarr-python/pull/4299,2026-08-31T13:25:21Z,2026-09-29T15:31:01Z,zarr-developers,zarr-python,d-v-b
4303,v3 zarr files with blosc compression fail to open because 'nthreads' kwarg.,Issue,closed,odinsbane,https://github.com/zarr-developers/zarr-python/issues/4303,2026-09-01T10:15:40Z,2026-09-02T06:59:29Z,zarr-developers,zarr-python,d-v-b
4305,Fix infinite loop in _guess_num_chunks_per_axis_shard for 0-dimensional arrays,PR,closed,Tomatokeftes,https://github.com/zarr-developers/zarr-python/pull/4305,2026-09-01T12:44:05Z,2026-09-02T11:07:07Z,zarr-developers,zarr-python,d-v-b
4308,chore(deps): bump CodSpeedHQ/action from 5.0.3 to 5.2.1 in the actions group,PR,closed,dependabot[bot],https://github.com/zarr-developers/zarr-python/pull/4308,2026-09-03T04:25:44Z,2026-09-03T09:42:17Z,zarr-developers,zarr-python,d-v-b
4309,chore(deps-dev): bump the python-dependencies group with 5 updates,PR,closed,dependabot[bot],https://github.com/zarr-developers/zarr-python/pull/4309,2026-09-03T04:29:35Z,2026-09-03T09:56:00Z,zarr-developers,zarr-python,d-v-b
4312,chore(deps-dev): bump mkdocs-material from 9.7.6 to 9.7.7 in /packages/zarr-metadata in the pip group across 1 directory,PR,closed,dependabot[bot],https://github.com/zarr-developers/zarr-python/pull/4312,2026-09-04T00:44:22Z,2026-09-04T07:50:55Z,zarr-developers,zarr-python,d-v-b
4315,bug(indexing): oindex with mixed numpy array and integer indexing fails,Issue,closed,d-v-b,https://github.com/zarr-developers/zarr-python/issues/4315,2026-09-04T08:34:52Z,2026-09-04T16:02:20Z,zarr-developers,zarr-python,d-v-b
4322,chore(deps-dev): bump httpx2 from 2.9.1 to 2.12.0 in /packages/zarr-http-server in the uv group across 1 directory,PR,closed,dependabot[bot],https://github.com/zarr-developers/zarr-python/pull/4322,2026-09-08T22:56:00Z,2026-09-09T16:52:17Z,zarr-developers,zarr-python,d-v-b
4336,chore(deps): bump zizmorcore/zizmor-action from 0.6.2 to 0.6.3 in the actions group,PR,closed,dependabot[bot],https://github.com/zarr-developers/zarr-python/pull/4336,2026-09-10T04:25:32Z,2026-09-11T18:57:45Z,zarr-developers,zarr-python,d-v-b
4337,chore(deps): bump the python-dependencies group with 6 updates,PR,closed,dependabot[bot],https://github.com/zarr-developers/zarr-python/pull/4337,2026-09-10T04:29:47Z,2026-09-11T18:27:14Z,zarr-developers,zarr-python,d-v-b
4358,fix(store): retry the LocalStore rename when the destination is busy,PR,closed,Tomatokeftes,https://github.com/zarr-developers/zarr-python/pull/4358,2026-09-15T14:17:09Z,2026-09-15T14:57:41Z,zarr-developers,zarr-python,d-v-b
4362,Bad assert usage,Issue,closed,mezdej,https://github.com/zarr-developers/zarr-python/issues/4362,2026-09-16T09:54:23Z,2026-09-16T11:10:04Z,zarr-developers,zarr-python,d-v-b
4367,"bug(ci): the downstream xarray job tests the released zarr, not the branch — both v3.4.0 gate runs cited in #4256 print `zarr 3.3.0`",Issue,closed,glaziermag,https://github.com/zarr-developers/zarr-python/issues/4367,2026-09-16T15:26:45Z,2026-09-17T08:16:00Z,zarr-developers,zarr-python,d-v-b
4368,fix(ci): preserve branch zarr in xarray downstream tests,PR,closed,glaziermag,https://github.com/zarr-developers/zarr-python/pull/4368,2026-09-17T00:48:01Z,2026-09-17T08:15:59Z,zarr-developers,zarr-python,d-v-b
4370,chore(deps): bump the actions group across 1 directory with 4 updates,PR,closed,dependabot[bot],https://github.com/zarr-developers/zarr-python/pull/4370,2026-09-17T04:25:49Z,2026-09-17T09:47:35Z,zarr-developers,zarr-python,d-v-b
4371,chore(deps): bump the python-dependencies group with 5 updates,PR,closed,dependabot[bot],https://github.com/zarr-developers/zarr-python/pull/4371,2026-09-17T04:27:38Z,2026-09-17T06:26:24Z,zarr-developers,zarr-python,d-v-b
4374,Mixed regular/rectilinear chunk grids written by 3.2.x are unreadable by 3.3+,Issue,closed,TomNicholas,https://github.com/zarr-developers/zarr-python/issues/4374,2026-09-18T15:57:13Z,2026-10-02T10:32:52Z,zarr-developers,zarr-python,d-v-b
4381,fix: accept uint8 dtype aliases in Zarr v2,PR,closed,guhou-hvi,https://github.com/zarr-developers/zarr-python/pull/4381,2026-09-20T10:32:50Z,2026-09-23T07:33:50Z,zarr-developers,zarr-python,d-v-b
4382,perf: cut the fill_value check on the chunk write path,PR,closed,PursuitOfDataScience,https://github.com/zarr-developers/zarr-python/pull/4382,2026-09-20T20:50:29Z,2026-09-23T14:03:55Z,zarr-developers,zarr-python,d-v-b
4391,fix: accept must_understand=false extra fields in v3 group metadata,PR,closed,anishmehta24,https://github.com/zarr-developers/zarr-python/pull/4391,2026-09-24T02:01:50Z,2026-09-30T08:43:29Z,zarr-developers,zarr-python,d-v-b
4393,chore(deps): bump codecov/codecov-action from 7.0.0 to 7.1.1 in the actions group,PR,closed,dependabot[bot],https://github.com/zarr-developers/zarr-python/pull/4393,2026-09-24T04:26:03Z,2026-09-24T09:01:35Z,zarr-developers,zarr-python,d-v-b
4394,chore(deps-dev): bump the python-dependencies group with 4 updates,PR,closed,dependabot[bot],https://github.com/zarr-developers/zarr-python/pull/4394,2026-09-24T04:27:46Z,2026-09-24T08:28:02Z,zarr-developers,zarr-python,d-v-b
4396,chore: bump numcodecs min version,PR,closed,Oisin-M,https://github.com/zarr-developers/zarr-python/pull/4396,2026-09-24T08:05:34Z,2026-09-24T08:42:51Z,zarr-developers,zarr-python,d-v-b
4415,fix: honor storage_options in save and save_group,PR,closed,Rodrigo-Palma,https://github.com/zarr-developers/zarr-python/pull/4415,2026-09-25T17:35:17Z,2026-09-29T15:38:34Z,zarr-developers,zarr-python,d-v-b
4417,fix(tests): repair docstring-consistency test and align create_array docs,PR,closed,guhou-hvi,https://github.com/zarr-developers/zarr-python/pull/4417,2026-09-26T07:24:43Z,2026-09-30T08:00:32Z,zarr-developers,zarr-python,d-v-b
4452,"fix: list nested prefixes when FsspecStore path is """" or ""/""",PR,closed,bendichter,https://github.com/zarr-developers/zarr-python/pull/4452,2026-09-29T20:23:11Z,2026-09-29T21:24:09Z,zarr-developers,zarr-python,d-v-b
4460,chore(deps): bump astral-sh/setup-uv from 10.1.0 to 10.2.0 in the actions group,PR,closed,dependabot[bot],https://github.com/zarr-developers/zarr-python/pull/4460,2026-10-01T04:38:30Z,2026-10-01T06:11:27Z,zarr-developers,zarr-python,d-v-b
4461,chore(deps): bump the python-dependencies group with 7 updates,PR,closed,dependabot[bot],https://github.com/zarr-developers/zarr-python/pull/4461,2026-10-01T04:44:03Z,2026-10-01T16:06:23Z,zarr-developers,zarr-python,d-v-b
4474,Serialize numpy scalar attributes as Python values,PR,closed,mayuriphad,https://github.com/zarr-developers/zarr-python/pull/4474,2026-10-03T11:28:49Z,2026-10-03T11:42:03Z,zarr-developers,zarr-python,d-v-b
