number,title,type,url,engagement_kinds,created_at,updated_at,organization,repository,contributor
174,add cloud optmized shapefiles,PullRequest,https://github.com/cloudnativegeo/cloud-optimized-geospatial-formats-guide/pull/174,comment,2025-11-05T19:03:43Z,2026-09-08T15:04:39Z,cloudnativegeo,cloud-optimized-geospatial-formats-guide,abarciauskas-bgse
193,FY2026 Roadmap,Issue,https://github.com/cloudnativegeo/cloud-optimized-geospatial-formats-guide/issues/193,comment,2026-05-13T00:28:05Z,2026-07-20T14:56:48Z,cloudnativegeo,cloud-optimized-geospatial-formats-guide,abarciauskas-bgse
205,Add format-selection decision framework page and case studies,PullRequest,https://github.com/cloudnativegeo/cloud-optimized-geospatial-formats-guide/pull/205,"comment,review",2026-08-03T15:28:20Z,2026-09-09T15:23:59Z,cloudnativegeo,cloud-optimized-geospatial-formats-guide,abarciauskas-bgse
1,feat: scope grants to prefix within bucket,PullRequest,https://github.com/developmentseed/naqfc-virtualizarr-data-pipelines/pull/1,"comment,review",2026-08-20T21:17:07Z,2026-08-24T16:09:42Z,developmentseed,naqfc-virtualizarr-data-pipelines,sharkinsspatial
3,fix: add S3_PREFIX to allow writing everything to a prefix in S3 instead of the bucket root,PullRequest,https://github.com/developmentseed/naqfc-virtualizarr-data-pipelines/pull/3,comment,2026-08-25T20:23:39Z,2026-09-08T18:39:49Z,developmentseed,naqfc-virtualizarr-data-pipelines,sharkinsspatial
1503,Expose xarray coordinate values,Issue,https://github.com/developmentseed/titiler/issues/1503,opened,2026-09-17T19:43:12Z,2026-09-18T14:46:14Z,developmentseed,titiler,hrodmn
154,Use distributed cache for caching EDL user token and S3 temporary credentials,Issue,https://github.com/developmentseed/titiler-cmr/issues/154,comment,2026-04-02T14:29:36Z,2026-09-08T16:28:20Z,developmentseed,titiler-cmr,hrodmn
206,chore(main): release 1.1.3,PullRequest,https://github.com/developmentseed/titiler-cmr/pull/206,"comment,review",2026-07-01T13:58:00Z,2026-09-22T15:19:36Z,developmentseed,titiler-cmr,hrodmn
212,ci(deps): bump the all group across 1 directory with 5 updates,PullRequest,https://github.com/developmentseed/titiler-cmr/pull/212,"comment,review",2026-08-01T13:56:15Z,2026-09-15T16:30:41Z,developmentseed,titiler-cmr,hrodmn
213,Expand the statistics endpoint documentation,Issue,https://github.com/developmentseed/titiler-cmr/issues/213,opened,2026-08-19T20:10:51Z,2026-08-27T17:35:27Z,developmentseed,titiler-cmr,hrodmn
215,docs: add categorical statistics examples,PullRequest,https://github.com/developmentseed/titiler-cmr/pull/215,"comment,review",2026-08-26T17:29:51Z,2026-08-27T17:35:29Z,developmentseed,titiler-cmr,hrodmn
218,upgrade to to opentelemetry-instrumentation-fastapi>=0.64b,Issue,https://github.com/developmentseed/titiler-cmr/issues/218,opened,2026-09-22T15:03:42Z,2026-09-22T15:16:52Z,developmentseed,titiler-cmr,hrodmn
137,feat: upgrade to titiler 2.2,PullRequest,https://github.com/developmentseed/titiler-multidim/pull/137,review,2026-08-13T20:01:22Z,2026-08-14T17:22:39Z,developmentseed,titiler-multidim,maxrjones
140,"feat: enable multiple sources, render as a mosaic",PullRequest,https://github.com/developmentseed/titiler-multidim/pull/140,review,2026-08-15T01:42:56Z,2026-08-28T19:36:09Z,developmentseed,titiler-multidim,maxrjones
143,Cost start times,Discussion,https://github.com/developmentseed/titiler-multidim/discussions/143,discussion,2026-08-17T20:07:30Z,2026-08-17T20:26:20Z,developmentseed,titiler-multidim,hrodmn
143,Cost start times,Discussion,https://github.com/developmentseed/titiler-multidim/discussions/143,discussion,2026-08-17T20:07:30Z,2026-08-17T20:26:20Z,developmentseed,titiler-multidim,maxrjones
149,feat: remove Redis cache and VPC,PullRequest,https://github.com/developmentseed/titiler-multidim/pull/149,review,2026-08-28T19:45:47Z,2026-08-29T11:26:25Z,developmentseed,titiler-multidim,maxrjones
154,chore(main): release 0.9.0,PullRequest,https://github.com/developmentseed/titiler-multidim/pull/154,review,2026-09-01T17:59:47Z,2026-09-03T18:50:10Z,developmentseed,titiler-multidim,maxrjones
155,feat: add support for iam permissions boundary on roles created by cdk,PullRequest,https://github.com/developmentseed/titiler-multidim/pull/155,review,2026-09-02T22:24:45Z,2026-09-03T18:30:36Z,developmentseed,titiler-multidim,maxrjones
156,chore: apply zizmor fixes including GitHub Action pins,PullRequest,https://github.com/developmentseed/titiler-multidim/pull/156,review,2026-09-15T16:04:16Z,2026-09-17T18:51:06Z,developmentseed,titiler-multidim,maxrjones
158,ci: add openssf scorecard security workflow and readme badges,PullRequest,https://github.com/developmentseed/titiler-multidim/pull/158,review,2026-09-18T00:11:04Z,2026-09-20T16:29:07Z,developmentseed,titiler-multidim,maxrjones
14,Some additional configuration and typing additions/fixes,PullRequest,https://github.com/developmentseed/virtualizarr-data-pipelines/pull/14,review,2026-06-19T00:22:49Z,2026-07-23T15:25:13Z,developmentseed,virtualizarr-data-pipelines,maxrjones
14,Some additional configuration and typing additions/fixes,PullRequest,https://github.com/developmentseed/virtualizarr-data-pipelines/pull/14,comment,2026-06-19T00:22:49Z,2026-07-23T15:25:13Z,developmentseed,virtualizarr-data-pipelines,sharkinsspatial
21,Add support for S3 Inventory report Parquet.,Issue,https://github.com/developmentseed/virtualizarr-data-pipelines/issues/21,opened,2026-07-24T23:34:52Z,2026-07-24T23:34:55Z,developmentseed,virtualizarr-data-pipelines,sharkinsspatial
22,Cron job for dimension expansion.,Issue,https://github.com/developmentseed/virtualizarr-data-pipelines/issues/22,opened,2026-08-06T15:23:31Z,2026-08-06T15:23:31Z,developmentseed,virtualizarr-data-pipelines,sharkinsspatial
23,Add Cloudwatch alarms for Lambda failure rates.,Issue,https://github.com/developmentseed/virtualizarr-data-pipelines/issues/23,opened,2026-08-17T21:56:49Z,2026-08-17T21:56:49Z,developmentseed,virtualizarr-data-pipelines,sharkinsspatial
47,Implement conversion of Python array data -> Rust for upload/writing to Array,Issue,https://github.com/developmentseed/zarrista/issues/47,comment,2026-06-23T21:01:43Z,2026-08-04T20:08:42Z,developmentseed,zarrista,kylebarron
56,Integrate with zarr-python `Store` base class,Issue,https://github.com/developmentseed/zarrista/issues/56,comment,2026-06-23T22:13:06Z,2026-07-30T17:20:13Z,developmentseed,zarrista,kylebarron
85,Epic: fleshing out a low-level library,Issue,https://github.com/developmentseed/zarrista/issues/85,comment,2026-07-09T16:59:13Z,2026-08-07T16:13:11Z,developmentseed,zarrista,kylebarron
86,expose methods on python store classes,Issue,https://github.com/developmentseed/zarrista/issues/86,comment,2026-07-10T20:55:53Z,2026-07-20T14:53:54Z,developmentseed,zarrista,d-v-b
86,expose methods on python store classes,Issue,https://github.com/developmentseed/zarrista/issues/86,comment,2026-07-10T20:55:53Z,2026-07-20T14:53:54Z,developmentseed,zarrista,kylebarron
87,Add `Array.store_metadata` and `AsyncArray.store_metadata`,Issue,https://github.com/developmentseed/zarrista/issues/87,"comment,opened",2026-07-14T15:43:38Z,2026-07-21T11:15:48Z,developmentseed,zarrista,kylebarron
88,Improve docs that `Array.from_metadata` does not mutate/write metadata,Issue,https://github.com/developmentseed/zarrista/issues/88,"comment,opened",2026-07-14T15:44:10Z,2026-07-21T11:15:49Z,developmentseed,zarrista,kylebarron
89,pickle support,Issue,https://github.com/developmentseed/zarrista/issues/89,opened,2026-07-15T00:31:36Z,2026-07-15T00:31:36Z,developmentseed,zarrista,kylebarron
91,Add dependabot,Issue,https://github.com/developmentseed/zarrista/issues/91,opened,2026-07-21T10:05:56Z,2026-07-21T10:22:27Z,developmentseed,zarrista,kylebarron
100,define a chunked array protocol,Issue,https://github.com/developmentseed/zarrista/issues/100,"comment,opened",2026-07-21T11:16:09Z,2026-07-21T15:20:22Z,developmentseed,zarrista,d-v-b
100,define a chunked array protocol,Issue,https://github.com/developmentseed/zarrista/issues/100,comment,2026-07-21T11:16:09Z,2026-07-21T15:20:22Z,developmentseed,zarrista,kylebarron
103,Add import sorting to CI,Issue,https://github.com/developmentseed/zarrista/issues/103,opened,2026-07-22T13:48:59Z,2026-07-30T15:40:44Z,developmentseed,zarrista,kylebarron
104,FYI: zarrista depends on icechunk via zarrista.store,Issue,https://github.com/developmentseed/zarrista/issues/104,comment,2026-07-22T14:09:01Z,2026-07-30T17:25:32Z,developmentseed,zarrista,kylebarron
106,Support multi-chunk writes,Issue,https://github.com/developmentseed/zarrista/issues/106,"comment,opened",2026-07-23T13:12:32Z,2026-08-04T22:56:47Z,developmentseed,zarrista,kylebarron
107,Is it a problem to reconstruct & have two icechunk sessions,Issue,https://github.com/developmentseed/zarrista/issues/107,opened,2026-07-23T13:44:44Z,2026-07-23T13:44:44Z,developmentseed,zarrista,kylebarron
108,Explore DLPack ownership semantics in order to optionally give mutable memory to Python,Issue,https://github.com/developmentseed/zarrista/issues/108,"comment,opened",2026-07-23T13:46:16Z,2026-08-07T15:24:49Z,developmentseed,zarrista,kylebarron
109,Support filling a chunk/array subset into a target buffer,Issue,https://github.com/developmentseed/zarrista/issues/109,opened,2026-07-23T14:50:17Z,2026-07-23T14:50:17Z,developmentseed,zarrista,kylebarron
110,chore(deps): bump zarrs_object_store from 0.6.2 to 0.7.0,PullRequest,https://github.com/developmentseed/zarrista/pull/110,comment,2026-07-27T14:56:50Z,2026-07-30T14:17:40Z,developmentseed,zarrista,kylebarron
111,Support resizing existing arrays,Issue,https://github.com/developmentseed/zarrista/issues/111,opened,2026-07-28T17:43:19Z,2026-07-31T14:14:13Z,developmentseed,zarrista,kylebarron
112,handle zarr-metadata 0.4.0,Issue,https://github.com/developmentseed/zarrista/issues/112,opened,2026-07-29T20:07:32Z,2026-07-30T14:11:17Z,developmentseed,zarrista,d-v-b
112,handle zarr-metadata 0.4.0,Issue,https://github.com/developmentseed/zarrista/issues/112,comment,2026-07-29T20:07:32Z,2026-07-30T14:11:17Z,developmentseed,zarrista,kylebarron
113,fix: adapt to zarr-metadata 0.4 type renames,PullRequest,https://github.com/developmentseed/zarrista/pull/113,"comment,review",2026-07-29T20:11:22Z,2026-08-03T16:36:38Z,developmentseed,zarrista,kylebarron
116,feat: add Array.with_shape and Array.with_chunk_grid,PullRequest,https://github.com/developmentseed/zarrista/pull/116,"comment,review",2026-07-30T16:29:32Z,2026-08-03T16:35:23Z,developmentseed,zarrista,d-v-b
118,Allow setting array attributes,Issue,https://github.com/developmentseed/zarrista/issues/118,"comment,opened",2026-07-30T17:25:22Z,2026-08-04T22:03:03Z,developmentseed,zarrista,kylebarron
120,Ensure that all docstrings follow google docstring conventions,Issue,https://github.com/developmentseed/zarrista/issues/120,opened,2026-07-30T17:58:13Z,2026-07-31T15:48:53Z,developmentseed,zarrista,kylebarron
122,`Array.vacuum` or `Array.cleanup` method that removes any unaccessible chunks,Issue,https://github.com/developmentseed/zarrista/issues/122,"comment,opened",2026-07-31T13:51:10Z,2026-07-31T13:51:48Z,developmentseed,zarrista,kylebarron
123,Switch `Array.filters/serializer/compressors` to `Array.codec_chain`,Issue,https://github.com/developmentseed/zarrista/issues/123,"comment,opened",2026-07-31T19:18:09Z,2026-08-03T19:01:45Z,developmentseed,zarrista,kylebarron
124,Ensure we release GIL everywhere relevant,Issue,https://github.com/developmentseed/zarrista/issues/124,opened,2026-07-31T22:51:46Z,2026-08-04T20:07:17Z,developmentseed,zarrista,kylebarron
125,Allow user to manage subchunk read cache,Issue,https://github.com/developmentseed/zarrista/issues/125,opened,2026-07-31T23:22:34Z,2026-08-04T21:27:27Z,developmentseed,zarrista,kylebarron
126,feat: Refactor user-facing codec/encoded chunk API,PullRequest,https://github.com/developmentseed/zarrista/pull/126,"comment,review",2026-07-31T23:33:14Z,2026-08-03T16:35:27Z,developmentseed,zarrista,d-v-b
129,Extend `EncodedChunk` abstraction to write side,Issue,https://github.com/developmentseed/zarrista/issues/129,opened,2026-08-03T15:05:13Z,2026-08-03T15:05:13Z,developmentseed,zarrista,kylebarron
131,"feat: Make `retrieve_encoded_subchunk` return a `EncodedChunk` class, not raw bytes",PullRequest,https://github.com/developmentseed/zarrista/pull/131,"comment,review",2026-08-03T17:19:28Z,2026-08-03T18:59:44Z,developmentseed,zarrista,d-v-b
132,feat: Handle DLPack input when writing array chunks,PullRequest,https://github.com/developmentseed/zarrista/pull/132,"comment,review",2026-08-03T23:04:48Z,2026-08-10T16:11:14Z,developmentseed,zarrista,d-v-b
133,Discuss naming of CodecOptions,Issue,https://github.com/developmentseed/zarrista/issues/133,comment,2026-08-04T15:34:59Z,2026-08-04T16:44:45Z,developmentseed,zarrista,d-v-b
133,Discuss naming of CodecOptions,Issue,https://github.com/developmentseed/zarrista/issues/133,"comment,opened",2026-08-04T15:34:59Z,2026-08-04T16:44:45Z,developmentseed,zarrista,kylebarron
135,Be consistent in our API naming between `subchunk` and `shard`,Issue,https://github.com/developmentseed/zarrista/issues/135,opened,2026-08-04T20:11:29Z,2026-08-07T17:59:37Z,developmentseed,zarrista,kylebarron
136,chore: Rename `DecodedArray` to `ArrayData`,PullRequest,https://github.com/developmentseed/zarrista/pull/136,comment,2026-08-04T20:20:11Z,2026-08-10T20:29:18Z,developmentseed,zarrista,d-v-b
137,feat: Add user-accessible APIs for managing shard index caching,PullRequest,https://github.com/developmentseed/zarrista/pull/137,comment,2026-08-04T21:15:55Z,2026-08-10T16:11:16Z,developmentseed,zarrista,d-v-b
138,Implement Array equality,Issue,https://github.com/developmentseed/zarrista/issues/138,comment,2026-08-04T21:26:54Z,2026-08-05T06:26:54Z,developmentseed,zarrista,d-v-b
138,Implement Array equality,Issue,https://github.com/developmentseed/zarrista/issues/138,opened,2026-08-04T21:26:54Z,2026-08-05T06:26:54Z,developmentseed,zarrista,kylebarron
139,Consistently implement `__repr__` on user-facing objects.,Issue,https://github.com/developmentseed/zarrista/issues/139,opened,2026-08-04T21:27:12Z,2026-08-07T21:22:12Z,developmentseed,zarrista,kylebarron
141,feat: implement `Array.store_chunks`,PullRequest,https://github.com/developmentseed/zarrista/pull/141,"comment,review",2026-08-04T22:54:05Z,2026-08-10T16:11:17Z,developmentseed,zarrista,d-v-b
142,Clarify docstring on `Array.store_chunks`,Issue,https://github.com/developmentseed/zarrista/issues/142,opened,2026-08-05T14:45:00Z,2026-08-07T19:26:41Z,developmentseed,zarrista,kylebarron
143,Handle nested subchunks,Issue,https://github.com/developmentseed/zarrista/issues/143,comment,2026-08-05T14:52:02Z,2026-08-07T22:10:21Z,developmentseed,zarrista,d-v-b
143,Handle nested subchunks,Issue,https://github.com/developmentseed/zarrista/issues/143,"comment,opened",2026-08-05T14:52:02Z,2026-08-07T22:10:21Z,developmentseed,zarrista,kylebarron
147,Improve performance of exporting variable-width strings to numpy StringDType,Issue,https://github.com/developmentseed/zarrista/issues/147,"comment,opened",2026-08-05T21:07:29Z,2026-08-06T15:29:56Z,developmentseed,zarrista,kylebarron
153,Support global configuration?,Issue,https://github.com/developmentseed/zarrista/issues/153,comment,2026-08-07T16:02:54Z,2026-08-12T10:05:29Z,developmentseed,zarrista,d-v-b
153,Support global configuration?,Issue,https://github.com/developmentseed/zarrista/issues/153,"comment,opened",2026-08-07T16:02:54Z,2026-08-12T10:05:29Z,developmentseed,zarrista,kylebarron
154,Support multi-chunk methods like `retrieve_chunks` and `store_chunks`,Issue,https://github.com/developmentseed/zarrista/issues/154,opened,2026-08-07T16:04:49Z,2026-08-07T16:04:49Z,developmentseed,zarrista,kylebarron
155,Support all zarr data types,Issue,https://github.com/developmentseed/zarrista/issues/155,opened,2026-08-07T16:06:56Z,2026-08-07T16:06:56Z,developmentseed,zarrista,kylebarron
156,Expose all codecs to the end user directly.,Issue,https://github.com/developmentseed/zarrista/issues/156,opened,2026-08-07T16:09:20Z,2026-08-07T16:09:20Z,developmentseed,zarrista,kylebarron
157,Support creating groups,Issue,https://github.com/developmentseed/zarrista/issues/157,opened,2026-08-07T16:10:30Z,2026-08-07T16:10:30Z,developmentseed,zarrista,kylebarron
158,Support writing consolidated metadata,Issue,https://github.com/developmentseed/zarrista/issues/158,opened,2026-08-07T16:10:49Z,2026-08-07T16:10:49Z,developmentseed,zarrista,kylebarron
159,Expanded indexing/selection support,Issue,https://github.com/developmentseed/zarrista/issues/159,opened,2026-08-07T16:12:50Z,2026-08-07T16:12:50Z,developmentseed,zarrista,kylebarron
163,Rename the `Array.read_only` method?,Issue,https://github.com/developmentseed/zarrista/issues/163,"comment,opened",2026-08-07T18:21:18Z,2026-08-07T18:22:09Z,developmentseed,zarrista,kylebarron
173,Explore merging `FixedLengthTensor` and `OptionalFixedLengthTensor` into a single class,Issue,https://github.com/developmentseed/zarrista/issues/173,opened,2026-08-10T20:56:33Z,2026-08-10T20:56:41Z,developmentseed,zarrista,kylebarron
175,Improve ergonomics of `FillValue` API by storing `DataType`,Issue,https://github.com/developmentseed/zarrista/issues/175,opened,2026-08-11T16:47:18Z,2026-09-22T14:28:58Z,developmentseed,zarrista,kylebarron
181,"blosc: AVX2 shuffle is compiled out of x86_64 wheels, and aarch64 gets the scalar shuffle",Issue,https://github.com/developmentseed/zarrista/issues/181,opened,2026-08-12T15:38:11Z,2026-08-12T15:38:11Z,developmentseed,zarrista,kylebarron
182,docs: 0.1 release blog post,PullRequest,https://github.com/developmentseed/zarrista/pull/182,"comment,review",2026-08-12T18:28:22Z,2026-08-13T13:54:53Z,developmentseed,zarrista,d-v-b
183,Async benchmarks,Issue,https://github.com/developmentseed/zarrista/issues/183,opened,2026-08-13T19:06:35Z,2026-08-13T19:06:35Z,developmentseed,zarrista,kylebarron
186,Extra memory copy in uncompressed writes,Issue,https://github.com/developmentseed/zarrista/issues/186,comment,2026-08-18T10:41:48Z,2026-08-21T00:23:20Z,developmentseed,zarrista,kylebarron
187,Can't write to icechunk store,Issue,https://github.com/developmentseed/zarrista/issues/187,comment,2026-08-24T10:40:35Z,2026-08-24T14:05:30Z,developmentseed,zarrista,kylebarron
189,pyemscripten wheel is unimportable: the Python layer imports async-only classes unconditionally,Issue,https://github.com/developmentseed/zarrista/issues/189,comment,2026-08-28T17:31:38Z,2026-09-02T02:09:20Z,developmentseed,zarrista,kylebarron
194,chore(deps-dev): bump ruff from 0.16.6 to 0.16.7 in the minor-and-patch group across 1 directory,PullRequest,https://github.com/developmentseed/zarrista/pull/194,comment,2026-09-14T14:59:04Z,2026-09-15T18:38:19Z,developmentseed,zarrista,kylebarron
196,Read and write icechunk sessions through the zarr-python Store instead of linking the icechunk crate,Issue,https://github.com/developmentseed/zarrista/issues/196,opened,2026-09-17T16:14:31Z,2026-09-17T16:20:42Z,developmentseed,zarrista,kylebarron
199,chore(deps): bump arrow-schema from 59.3.0 to 60.0.0,PullRequest,https://github.com/developmentseed/zarrista/pull/199,comment,2026-09-21T14:56:14Z,2026-09-21T15:09:19Z,developmentseed,zarrista,kylebarron
200,chore(deps): bump arrow-array from 59.3.0 to 60.0.0,PullRequest,https://github.com/developmentseed/zarrista/pull/200,comment,2026-09-21T14:56:18Z,2026-09-21T15:09:12Z,developmentseed,zarrista,kylebarron
201,chore(deps): bump arrow-buffer from 59.3.0 to 60.0.0,PullRequest,https://github.com/developmentseed/zarrista/pull/201,comment,2026-09-21T14:56:22Z,2026-09-21T15:09:04Z,developmentseed,zarrista,kylebarron
203,Bump to arrow 60,Issue,https://github.com/developmentseed/zarrista/issues/203,opened,2026-09-21T15:05:40Z,2026-09-21T15:05:40Z,developmentseed,zarrista,kylebarron
1178,earthaccess-lite or earthaccess-auth sub-package?,Discussion,https://github.com/earthaccess-dev/earthaccess/discussions/1178,discussion,2026-01-09T23:18:17Z,2026-08-19T04:06:19Z,earthaccess-dev,earthaccess,maxrjones
1282,Move python_cmr to earthaccess-dev GitHub organization,Discussion,https://github.com/earthaccess-dev/earthaccess/discussions/1282,discussion,2026-04-02T19:17:21Z,2026-08-10T16:02:02Z,earthaccess-dev,earthaccess,chuckwondo
1348,`open_virtual()` ,PullRequest,https://github.com/earthaccess-dev/earthaccess/pull/1348,comment,2026-05-18T16:36:00Z,2026-09-01T18:48:52Z,earthaccess-dev,earthaccess,maxrjones
10135,"Add a `.to_polars_df()` method (very similar to `.to_dataframe()`, which implicitly uses pandas)",Issue,https://github.com/pydata/xarray/issues/10135,comment,2025-03-16T21:50:44Z,2026-08-19T20:46:35Z,pydata,xarray,kylebarron
11232,Maintenance: Support zarr>=3.0,PullRequest,https://github.com/pydata/xarray/pull/11232,comment,2026-03-14T16:43:39Z,2026-07-29T22:57:32Z,pydata,xarray,d-v-b
11431,a proposal to simplify encoding for zarr data,Issue,https://github.com/pydata/xarray/issues/11431,comment,2026-07-02T19:25:33Z,2026-08-03T18:18:09Z,pydata,xarray,d-v-b
11609,"Moving CF encoding into the backend, GeoZarr & cross-group reference resolution",Discussion,https://github.com/pydata/xarray/discussions/11609,discussion,2026-09-25T16:19:44Z,2026-09-27T11:46:27Z,pydata,xarray,d-v-b
4,Architecture review,Issue,https://github.com/virtual-zarr/tempo-virtual-zarr-pipeline/issues/4,opened,2026-08-21T17:47:47Z,2026-08-21T19:30:08Z,virtual-zarr,tempo-virtual-zarr-pipeline,maxrjones
18,Sort out TEMPO NO2 DLQ,Issue,https://github.com/virtual-zarr/tempo-virtual-zarr-pipeline/issues/18,opened,2026-09-14T16:12:52Z,2026-09-14T16:12:52Z,virtual-zarr,tempo-virtual-zarr-pipeline,maxrjones
23,Ingest into the AIR4US/VEDA STAC catalog,Issue,https://github.com/virtual-zarr/tempo-virtual-zarr-pipeline/issues/23,opened,2026-09-24T17:22:49Z,2026-09-25T14:38:34Z,virtual-zarr,tempo-virtual-zarr-pipeline,maxrjones
36,Proposal: A persistent discovery and registration mechanism for Zarr conventions,Discussion,https://github.com/orgs/zarr-conventions/discussions/36,discussion,2026-06-14T09:38:29Z,2026-08-04T12:59:43Z,zarr-conventions,zarr-conventions-spec,maxrjones
669,Filter for space-filling-curves,Issue,https://github.com/zarr-developers/numcodecs/issues/669,comment,2016-11-05T18:40:02Z,2026-09-24T10:06:14Z,zarr-developers,numcodecs,d-v-b
741,add numcodecs.zarr3.to_zarr3 method,PullRequest,https://github.com/zarr-developers/numcodecs/pull/741,comment,2025-04-22T12:05:05Z,2026-08-27T00:13:36Z,zarr-developers,numcodecs,d-v-b
749,ENH: Free-Threading (No-GIL) Support for Python 3.13+,Issue,https://github.com/zarr-developers/numcodecs/issues/749,comment,2025-05-26T03:37:36Z,2026-09-09T14:25:43Z,zarr-developers,numcodecs,d-v-b
814,"Documentation cleanup: fix typos, grammar, and naming consistency",PullRequest,https://github.com/zarr-developers/numcodecs/pull/814,comment,2026-02-08T10:13:06Z,2026-08-12T08:13:21Z,zarr-developers,numcodecs,d-v-b
817,update pcodec,PullRequest,https://github.com/zarr-developers/numcodecs/pull/817,comment,2026-02-12T12:41:24Z,2026-09-16T20:01:33Z,zarr-developers,numcodecs,d-v-b
835,chore: update pre-commit hook mypy,PullRequest,https://github.com/zarr-developers/numcodecs/pull/835,comment,2026-04-12T07:54:00Z,2026-07-12T07:24:37Z,zarr-developers,numcodecs,d-v-b
838,Bump GitHub actions,PullRequest,https://github.com/zarr-developers/numcodecs/pull/838,comment,2026-04-12T08:44:33Z,2026-09-17T09:01:18Z,zarr-developers,numcodecs,d-v-b
839,CI: Fix Meson mixup between Conda and system Python headers,PullRequest,https://github.com/zarr-developers/numcodecs/pull/839,comment,2026-04-18T13:32:09Z,2026-08-12T08:13:02Z,zarr-developers,numcodecs,d-v-b
840,zarr-python does not depend on crc32c anymore,PullRequest,https://github.com/zarr-developers/numcodecs/pull/840,comment,2026-04-18T15:39:34Z,2026-09-16T11:31:12Z,zarr-developers,numcodecs,d-v-b
843,Reproduce #810,PullRequest,https://github.com/zarr-developers/numcodecs/pull/843,comment,2026-06-05T00:09:22Z,2026-09-27T11:38:22Z,zarr-developers,numcodecs,d-v-b
848,Backport 0.15 zstd fixes,PullRequest,https://github.com/zarr-developers/numcodecs/pull/848,"comment,review",2026-06-20T20:39:46Z,2026-09-18T09:47:40Z,zarr-developers,numcodecs,d-v-b
852,"FixedScaleOffset flattens arrays, breaking further image codecs",Issue,https://github.com/zarr-developers/numcodecs/issues/852,comment,2026-08-03T08:49:02Z,2026-08-03T11:50:43Z,zarr-developers,numcodecs,d-v-b
853,Preserve FixedScaleOffset array dimensions,PullRequest,https://github.com/zarr-developers/numcodecs/pull/853,comment,2026-08-11T06:29:22Z,2026-09-17T12:48:52Z,zarr-developers,numcodecs,d-v-b
854,Fix empty Blosc buffer round-trips,PullRequest,https://github.com/zarr-developers/numcodecs/pull/854,comment,2026-08-16T04:24:04Z,2026-08-25T13:53:51Z,zarr-developers,numcodecs,d-v-b
856,CI: set an explicit python-version for test-crc32c and test-zarr,PullRequest,https://github.com/zarr-developers/numcodecs/pull/856,"comment,review",2026-08-26T22:25:46Z,2026-09-17T07:41:34Z,zarr-developers,numcodecs,d-v-b
858,Add free-threaded CPython (3.14t) support,PullRequest,https://github.com/zarr-developers/numcodecs/pull/858,"comment,review",2026-09-09T14:21:31Z,2026-09-17T04:12:24Z,zarr-developers,numcodecs,d-v-b
860,Fix dependencies for blosc extension,PullRequest,https://github.com/zarr-developers/numcodecs/pull/860,comment,2026-09-18T06:22:37Z,2026-09-18T08:59:53Z,zarr-developers,numcodecs,d-v-b
862,meson can't find cython or numpy,Issue,https://github.com/zarr-developers/numcodecs/issues/862,comment,2026-09-18T20:28:46Z,2026-09-20T12:18:38Z,zarr-developers,numcodecs,d-v-b
8,Default compression settings,Issue,https://github.com/zarr-developers/zarr-python/issues/8,comment,2015-12-23T15:26:59Z,2026-09-24T10:36:11Z,zarr-developers,zarr-python,d-v-b
40,Consider support for storing chunks in z-order,Issue,https://github.com/zarr-developers/zarr-python/issues/40,comment,2016-07-26T23:57:29Z,2026-09-24T10:06:50Z,zarr-developers,zarr-python,d-v-b
149,Tables/DataFrames - requirements,Issue,https://github.com/zarr-developers/zarr-python/issues/149,comment,2017-06-23T13:19:39Z,2026-09-18T15:20:46Z,zarr-developers,zarr-python,d-v-b
233,Shortening edge chunks,Issue,https://github.com/zarr-developers/zarr-python/issues/233,comment,2018-01-26T00:24:59Z,2026-09-24T09:46:07Z,zarr-developers,zarr-python,d-v-b
278,LRU cache for decoded chunks,Issue,https://github.com/zarr-developers/zarr-python/issues/278,comment,2018-07-20T08:15:41Z,2026-08-26T12:53:37Z,zarr-developers,zarr-python,d-v-b
297,Links between groups,Issue,https://github.com/zarr-developers/zarr-python/issues/297,comment,2018-08-31T16:22:42Z,2026-09-24T10:05:15Z,zarr-developers,zarr-python,d-v-b
354,Better handling of typed values in JSON,Issue,https://github.com/zarr-developers/zarr-python/issues/354,comment,2018-12-04T07:18:43Z,2026-09-24T10:47:03Z,zarr-developers,zarr-python,d-v-b
415,Adding Memcached Store,Issue,https://github.com/zarr-developers/zarr-python/issues/415,comment,2019-03-05T07:16:48Z,2026-09-24T09:47:28Z,zarr-developers,zarr-python,d-v-b
438,Database sources where each array element is a separate database row,Issue,https://github.com/zarr-developers/zarr-python/issues/438,comment,2019-05-08T23:34:37Z,2026-09-24T09:46:49Z,zarr-developers,zarr-python,d-v-b
477,custom icons for zarr files,Issue,https://github.com/zarr-developers/zarr-python/issues/477,comment,2019-09-05T17:24:56Z,2026-09-24T10:07:13Z,zarr-developers,zarr-python,d-v-b
587,How to detect missing chunks in a zarr array.,Issue,https://github.com/zarr-developers/zarr-python/issues/587,comment,2020-08-26T01:47:34Z,2026-09-24T09:49:39Z,zarr-developers,zarr-python,d-v-b
690,"Feature request: One array available in more than one group, or under several names.",Issue,https://github.com/zarr-developers/zarr-python/issues/690,comment,2021-01-14T10:02:45Z,2026-09-24T09:25:40Z,zarr-developers,zarr-python,d-v-b
736,Join or view over the same chunk across multiple sub-groups in DirectoryStore,Issue,https://github.com/zarr-developers/zarr-python/issues/736,comment,2021-05-06T08:06:49Z,2026-09-24T09:28:24Z,zarr-developers,zarr-python,d-v-b
771,numba njit support,Issue,https://github.com/zarr-developers/zarr-python/issues/771,comment,2021-06-08T11:32:36Z,2026-09-24T09:27:31Z,zarr-developers,zarr-python,d-v-b
917,DOC: make Creating a development environment doc copy-pastable,Issue,https://github.com/zarr-developers/zarr-python/issues/917,comment,2021-12-21T03:04:42Z,2026-09-24T10:48:36Z,zarr-developers,zarr-python,d-v-b
1257,`zarr.group` creates unexpected chain of `.zgroup`s in the store when using the `path=` kwarg,Issue,https://github.com/zarr-developers/zarr-python/issues/1257,comment,2022-11-10T19:58:49Z,2026-09-24T09:29:00Z,zarr-developers,zarr-python,d-v-b
1375,Some read tests fail on big-endian machines,Issue,https://github.com/zarr-developers/zarr-python/issues/1375,comment,2023-03-26T07:19:43Z,2026-09-24T09:37:26Z,zarr-developers,zarr-python,d-v-b
1629,Arrays with padded structured datatypes fail,Issue,https://github.com/zarr-developers/zarr-python/issues/1629,comment,2024-01-10T11:05:57Z,2026-09-24T10:22:08Z,zarr-developers,zarr-python,d-v-b
1735,non-deterministic test failures in test_open_array and test_open_group,Issue,https://github.com/zarr-developers/zarr-python/issues/1735,comment,2024-03-31T14:40:33Z,2026-09-24T09:38:19Z,zarr-developers,zarr-python,d-v-b
1795,Deserializing arrays should not trigger load_metadata,Issue,https://github.com/zarr-developers/zarr-python/issues/1795,comment,2024-04-16T01:58:35Z,2026-09-24T10:43:26Z,zarr-developers,zarr-python,d-v-b
1888,2.18.1: sphinx warnings `reference target not found`,Issue,https://github.com/zarr-developers/zarr-python/issues/1888,comment,2024-05-17T07:44:21Z,2026-09-24T10:49:13Z,zarr-developers,zarr-python,d-v-b
1891,2.18.1: pytest fails with `numcodecs` 0.12.1,Issue,https://github.com/zarr-developers/zarr-python/issues/1891,comment,2024-05-17T09:44:51Z,2026-09-24T10:23:26Z,zarr-developers,zarr-python,d-v-b
1903,Add Pyodide support and CI jobs for Zarr,PullRequest,https://github.com/zarr-developers/zarr-python/pull/1903,comment,2024-05-23T19:21:31Z,2026-08-15T22:11:40Z,zarr-developers,zarr-python,d-v-b
2030,[v3] `ShardingCodec` allows user to violate the `index_codecs` invariant.,Issue,https://github.com/zarr-developers/zarr-python/issues/2030,comment,2024-07-11T19:26:51Z,2026-09-24T10:00:39Z,zarr-developers,zarr-python,d-v-b
2033,http zarr proxy ,Issue,https://github.com/zarr-developers/zarr-python/issues/2033,comment,2024-07-13T17:35:37Z,2026-08-12T10:50:40Z,zarr-developers,zarr-python,d-v-b
2038,_merge_chunk_array could allocate memory more carefully,Issue,https://github.com/zarr-developers/zarr-python/issues/2038,comment,2024-07-14T22:21:36Z,2026-09-24T10:13:39Z,zarr-developers,zarr-python,d-v-b
2050,[v3] Inner chunk size validation behavior for `ShardingCodec` when downstream of `TransposeCodec`,Issue,https://github.com/zarr-developers/zarr-python/issues/2050,comment,2024-07-22T19:24:09Z,2026-09-27T19:13:12Z,zarr-developers,zarr-python,d-v-b
2077,parallel append broken with ProcessSynchronizer,Issue,https://github.com/zarr-developers/zarr-python/issues/2077,comment,2024-08-10T21:36:57Z,2026-09-24T09:44:39Z,zarr-developers,zarr-python,d-v-b
2134,[v3] Structured dtype support,Issue,https://github.com/zarr-developers/zarr-python/issues/2134,comment,2024-08-28T02:57:53Z,2026-09-24T09:19:11Z,zarr-developers,zarr-python,d-v-b
2174,"`nbytes_stored` incorrect when `dimension_separator=""/""`",Issue,https://github.com/zarr-developers/zarr-python/issues/2174,comment,2024-09-11T18:53:55Z,2026-09-24T10:03:05Z,zarr-developers,zarr-python,d-v-b
2500,`v2` Object Encoding in `3.x.x` python package,Issue,https://github.com/zarr-developers/zarr-python/issues/2500,comment,2024-11-18T15:46:42Z,2026-09-24T10:46:15Z,zarr-developers,zarr-python,d-v-b
2737,DOC: Add memory-mapping example to storage guide,PullRequest,https://github.com/zarr-developers/zarr-python/pull/2737,comment,2025-01-20T20:35:25Z,2026-09-15T22:11:10Z,zarr-developers,zarr-python,d-v-b
2756,"use ""/"" as the default dimension separator for v2 arrays",Issue,https://github.com/zarr-developers/zarr-python/issues/2756,comment,2025-01-24T10:49:56Z,2026-09-24T11:13:51Z,zarr-developers,zarr-python,d-v-b
2792,Error in string data type handling with 0 fill value,Issue,https://github.com/zarr-developers/zarr-python/issues/2792,comment,2025-02-03T22:49:18Z,2026-09-24T11:19:04Z,zarr-developers,zarr-python,d-v-b
2834,bug with setitem with oindex and sharding,Issue,https://github.com/zarr-developers/zarr-python/issues/2834,comment,2025-02-14T17:55:04Z,2026-09-24T09:13:28Z,zarr-developers,zarr-python,d-v-b
2856,Open zip store from path with zip suffix,PullRequest,https://github.com/zarr-developers/zarr-python/pull/2856,comment,2025-02-21T23:03:18Z,2026-09-16T15:17:40Z,zarr-developers,zarr-python,d-v-b
2863,Zstd Codec on the GPU,PullRequest,https://github.com/zarr-developers/zarr-python/pull/2863,comment,2025-02-25T16:15:20Z,2026-08-27T23:30:53Z,zarr-developers,zarr-python,d-v-b
2925,Add `Buffer.as_buffer_like` method.,Issue,https://github.com/zarr-developers/zarr-python/issues/2925,comment,2025-03-21T17:14:14Z,2026-09-23T09:42:45Z,zarr-developers,zarr-python,d-v-b
2925,Add `Buffer.as_buffer_like` method.,Issue,https://github.com/zarr-developers/zarr-python/issues/2925,comment,2025-03-21T17:14:14Z,2026-09-23T09:42:45Z,zarr-developers,zarr-python,kylebarron
2943,Support ZEP 8 URL Syntax,Issue,https://github.com/zarr-developers/zarr-python/issues/2943,comment,2025-04-01T18:07:34Z,2026-07-27T08:31:02Z,zarr-developers,zarr-python,d-v-b
2981,Unclear support status of Zarr V3 Specification in zarr-python 2.x,Issue,https://github.com/zarr-developers/zarr-python/issues/2981,comment,2025-04-14T02:47:16Z,2026-09-24T11:22:03Z,zarr-developers,zarr-python,d-v-b
3076,accelerating v2 -> v3 migration,Issue,https://github.com/zarr-developers/zarr-python/issues/3076,comment,2025-05-21T10:41:25Z,2026-09-24T11:21:16Z,zarr-developers,zarr-python,d-v-b
3168,disallow 0-length fixed-size data types,Issue,https://github.com/zarr-developers/zarr-python/issues/3168,comment,2025-06-25T08:37:02Z,2026-09-24T09:14:43Z,zarr-developers,zarr-python,d-v-b
3207,Preventing Deadlocks When Reading Metadata Concurrently via `asyncio.gather`,PullRequest,https://github.com/zarr-developers/zarr-python/pull/3207,comment,2025-07-05T14:32:06Z,2026-07-15T12:27:44Z,zarr-developers,zarr-python,d-v-b
3238,zarr-python hangs when opening a group from google cloud storage,Issue,https://github.com/zarr-developers/zarr-python/issues/3238,comment,2025-07-14T10:55:06Z,2026-09-24T11:19:52Z,zarr-developers,zarr-python,d-v-b
3254,Order of keys created by `ArrayV2Metadata.to_dict` has changed between versions,Issue,https://github.com/zarr-developers/zarr-python/issues/3254,comment,2025-07-15T22:18:32Z,2026-09-24T11:20:18Z,zarr-developers,zarr-python,d-v-b
3256,Numcodecs Delta filter throws AttributeError when astype is specified,Issue,https://github.com/zarr-developers/zarr-python/issues/3256,comment,2025-07-16T10:56:16Z,2026-09-24T09:20:15Z,zarr-developers,zarr-python,d-v-b
3285,unified runtime type checking for our json data,Issue,https://github.com/zarr-developers/zarr-python/issues/3285,comment,2025-07-23T08:58:19Z,2026-08-13T15:06:54Z,zarr-developers,zarr-python,d-v-b
3356,consider widening the accepted JSON inputs for fill values,Issue,https://github.com/zarr-developers/zarr-python/issues/3356,comment,2025-08-07T11:55:44Z,2026-09-24T09:17:49Z,zarr-developers,zarr-python,d-v-b
3417,allow roundtripping the `BytesCodec`,PullRequest,https://github.com/zarr-developers/zarr-python/pull/3417,comment,2025-08-30T20:13:41Z,2026-09-16T20:01:26Z,zarr-developers,zarr-python,d-v-b
3438,Unit test failure of zarr v3.1.x on BE architectures,Issue,https://github.com/zarr-developers/zarr-python/issues/3438,comment,2025-09-07T07:24:13Z,2026-09-28T07:44:25Z,zarr-developers,zarr-python,d-v-b
3450,Fix nightly-wheel tag,PullRequest,https://github.com/zarr-developers/zarr-python/pull/3450,comment,2025-09-12T16:25:38Z,2026-07-23T20:38:30Z,zarr-developers,zarr-python,d-v-b
3471,"should the default path for the `FsspecStore` be `""/""` or `""""`",Issue,https://github.com/zarr-developers/zarr-python/issues/3471,comment,2025-09-18T14:17:54Z,2026-09-25T09:15:06Z,zarr-developers,zarr-python,d-v-b
3487,"Explicitly using fsspec and zarr FsspecStore causes RuntimeError ""Task attached to a different loop""",Issue,https://github.com/zarr-developers/zarr-python/issues/3487,comment,2025-09-23T19:30:30Z,2026-09-25T07:07:45Z,zarr-developers,zarr-python,d-v-b
3495,Failure to list keys on remote HTTP store,Issue,https://github.com/zarr-developers/zarr-python/issues/3495,comment,2025-09-30T18:43:44Z,2026-09-25T07:00:31Z,zarr-developers,zarr-python,d-v-b
3516,Writing dask arrays to a ZipStore causes a corrupt zip file,Issue,https://github.com/zarr-developers/zarr-python/issues/3516,comment,2025-10-10T00:23:36Z,2026-07-20T17:32:29Z,zarr-developers,zarr-python,d-v-b
3524,Array indexing with Zarr 3 is noticeably slower than with Zarr 2,Issue,https://github.com/zarr-developers/zarr-python/issues/3524,comment,2025-10-15T08:18:31Z,2026-07-30T19:18:26Z,zarr-developers,zarr-python,d-v-b
3546,"fixed length subtype recarray + ""auto"" shards crashes",Issue,https://github.com/zarr-developers/zarr-python/issues/3546,comment,2025-10-24T15:27:11Z,2026-09-25T06:59:04Z,zarr-developers,zarr-python,d-v-b
3547,feat!: store-defined concurrency limits,PullRequest,https://github.com/zarr-developers/zarr-python/pull/3547,comment,2025-10-24T19:35:07Z,2026-09-13T15:47:04Z,zarr-developers,zarr-python,kylebarron
3575,Zarr over https returns an empty string in `keys()`,Issue,https://github.com/zarr-developers/zarr-python/issues/3575,comment,2025-11-09T12:32:56Z,2026-09-24T17:42:44Z,zarr-developers,zarr-python,d-v-b
3580,Resizing an array in a ZipFileStore will lead to many duplicate entries for zarr.json in the ZipFile.,Issue,https://github.com/zarr-developers/zarr-python/issues/3580,comment,2025-11-11T13:42:41Z,2026-07-31T06:44:51Z,zarr-developers,zarr-python,d-v-b
3587,Experimental Support for Subarray DTypes,PullRequest,https://github.com/zarr-developers/zarr-python/pull/3587,comment,2025-11-20T11:36:14Z,2026-08-27T14:52:17Z,zarr-developers,zarr-python,d-v-b
3622,Support opening >u1 dtype,Issue,https://github.com/zarr-developers/zarr-python/issues/3622,comment,2025-12-16T09:05:10Z,2026-09-23T14:04:21Z,zarr-developers,zarr-python,d-v-b
3675,Allow `Store.set` to take `bytes`,Issue,https://github.com/zarr-developers/zarr-python/issues/3675,comment,2026-01-26T14:10:03Z,2026-09-01T12:27:49Z,zarr-developers,zarr-python,d-v-b
3698,Make ObjectStore backend generic over any obspec store,PullRequest,https://github.com/zarr-developers/zarr-python/pull/3698,comment,2026-02-09T15:34:40Z,2026-09-17T06:31:09Z,zarr-developers,zarr-python,d-v-b
3709,should we remove support for inline consolidated metadata?,Issue,https://github.com/zarr-developers/zarr-python/issues/3709,comment,2026-02-13T19:10:05Z,2026-07-23T20:12:48Z,zarr-developers,zarr-python,d-v-b
3781,Implement support for `structured` and `struct` zarr-extension defined dtypes,PullRequest,https://github.com/zarr-developers/zarr-python/pull/3781,comment,2026-03-16T15:19:48Z,2026-07-20T20:00:52Z,zarr-developers,zarr-python,d-v-b
3826,feat: subchunk write order,PullRequest,https://github.com/zarr-developers/zarr-python/pull/3826,comment,2026-03-24T11:04:30Z,2026-08-20T12:30:20Z,zarr-developers,zarr-python,d-v-b
3856,fix: update OSPO action references to canonical org path,PullRequest,https://github.com/zarr-developers/zarr-python/pull/3856,comment,2026-03-31T19:46:17Z,2026-09-10T17:31:31Z,zarr-developers,zarr-python,d-v-b
3868,Rename `all_chunk_coords` → `iter_chunk_coords` with deprecation shim for the old name,Issue,https://github.com/zarr-developers/zarr-python/issues/3868,comment,2026-04-03T15:46:04Z,2026-07-30T06:35:21Z,zarr-developers,zarr-python,d-v-b
3896,chore: automate more of the release process,PullRequest,https://github.com/zarr-developers/zarr-python/pull/3896,comment,2026-04-09T16:49:56Z,2026-07-29T21:38:45Z,zarr-developers,zarr-python,d-v-b
3909,TESTS: don't force rectilinear config true in the test,PullRequest,https://github.com/zarr-developers/zarr-python/pull/3909,comment,2026-04-15T14:59:15Z,2026-07-15T19:31:17Z,zarr-developers,zarr-python,d-v-b
3913,upstream basic metadata classes,Issue,https://github.com/zarr-developers/zarr-python/issues/3913,comment,2026-04-16T10:03:45Z,2026-09-16T11:13:33Z,zarr-developers,zarr-python,d-v-b
3925,feat:get_ranges,PullRequest,https://github.com/zarr-developers/zarr-python/pull/3925,comment,2026-04-24T19:06:38Z,2026-08-13T22:02:31Z,zarr-developers,zarr-python,chuckwondo
3925,feat:get_ranges,PullRequest,https://github.com/zarr-developers/zarr-python/pull/3925,comment,2026-04-24T19:06:38Z,2026-08-13T22:02:31Z,zarr-developers,zarr-python,kylebarron
3928,Use f-strings,PullRequest,https://github.com/zarr-developers/zarr-python/pull/3928,comment,2026-04-28T11:42:50Z,2026-07-28T13:01:09Z,zarr-developers,zarr-python,d-v-b
3940,ci: run all of xarray's tests in downstream workflow,PullRequest,https://github.com/zarr-developers/zarr-python/pull/3940,comment,2026-05-03T14:22:58Z,2026-08-04T03:01:07Z,zarr-developers,zarr-python,d-v-b
3943,chore: update pre-commit hooks,PullRequest,https://github.com/zarr-developers/zarr-python/pull/3943,comment,2026-05-04T19:09:20Z,2026-08-04T19:04:56Z,zarr-developers,zarr-python,d-v-b
3947,Allow s3 testing in face of ambient AWS credentials,PullRequest,https://github.com/zarr-developers/zarr-python/pull/3947,comment,2026-05-05T23:31:09Z,2026-08-04T02:33:24Z,zarr-developers,zarr-python,d-v-b
3951,chore(deps): bump the actions group with 5 updates,PullRequest,https://github.com/zarr-developers/zarr-python/pull/3951,comment,2026-05-07T04:41:27Z,2026-08-08T22:00:38Z,zarr-developers,zarr-python,d-v-b
3955,Fix V3 time types,PullRequest,https://github.com/zarr-developers/zarr-python/pull/3955,comment,2026-05-07T22:39:58Z,2026-08-05T23:01:59Z,zarr-developers,zarr-python,d-v-b
3957,Fix minor typos,PullRequest,https://github.com/zarr-developers/zarr-python/pull/3957,comment,2026-05-09T03:44:28Z,2026-08-08T10:33:57Z,zarr-developers,zarr-python,chuckwondo
3957,Fix minor typos,PullRequest,https://github.com/zarr-developers/zarr-python/pull/3957,comment,2026-05-09T03:44:28Z,2026-08-08T10:33:57Z,zarr-developers,zarr-python,d-v-b
3966,fix: allow writing to 0-dimensional arrays with sharding,PullRequest,https://github.com/zarr-developers/zarr-python/pull/3966,comment,2026-05-11T23:16:19Z,2026-08-12T11:30:56Z,zarr-developers,zarr-python,chuckwondo
3966,fix: allow writing to 0-dimensional arrays with sharding,PullRequest,https://github.com/zarr-developers/zarr-python/pull/3966,comment,2026-05-11T23:16:19Z,2026-08-12T11:30:56Z,zarr-developers,zarr-python,d-v-b
3970,chore(deps): bump the actions group with 2 updates,PullRequest,https://github.com/zarr-developers/zarr-python/pull/3970,comment,2026-05-14T04:39:01Z,2026-08-12T13:01:12Z,zarr-developers,zarr-python,d-v-b
3972,chore: run mypy from developer environment,PullRequest,https://github.com/zarr-developers/zarr-python/pull/3972,comment,2026-05-14T09:20:34Z,2026-08-13T15:31:12Z,zarr-developers,zarr-python,chuckwondo
3982,feat(zarr-metadata): partial metadata types,PullRequest,https://github.com/zarr-developers/zarr-python/pull/3982,comment,2026-05-18T21:47:32Z,2026-08-16T22:30:51Z,zarr-developers,zarr-python,chuckwondo
3985,[lazy indexing] lazy indexing tracking issue,Issue,https://github.com/zarr-developers/zarr-python/issues/3985,comment,2026-05-19T08:25:26Z,2026-08-02T10:29:59Z,zarr-developers,zarr-python,d-v-b
3987,Control sharding codec read coalescing with ArrayConfig and runtime config options,PullRequest,https://github.com/zarr-developers/zarr-python/pull/3987,comment,2026-05-20T03:16:15Z,2026-09-16T15:00:57Z,zarr-developers,zarr-python,d-v-b
3988,Do not install CuPy on darwin,PullRequest,https://github.com/zarr-developers/zarr-python/pull/3988,comment,2026-05-20T10:35:39Z,2026-08-18T11:31:04Z,zarr-developers,zarr-python,d-v-b
3990,Widen ChunksLike type alias,PullRequest,https://github.com/zarr-developers/zarr-python/pull/3990,comment,2026-05-20T19:03:20Z,2026-08-18T20:00:32Z,zarr-developers,zarr-python,d-v-b
3991,Release Zarr-Python v3.2.2,Issue,https://github.com/zarr-developers/zarr-python/issues/3991,comment,2026-05-20T20:14:10Z,2026-07-16T17:43:49Z,zarr-developers,zarr-python,d-v-b
3996,Fix v2 structured field selection,PullRequest,https://github.com/zarr-developers/zarr-python/pull/3996,comment,2026-05-21T07:58:27Z,2026-08-27T10:08:06Z,zarr-developers,zarr-python,d-v-b
3998,refactor/consolidated JSON IO routines,PullRequest,https://github.com/zarr-developers/zarr-python/pull/3998,comment,2026-05-22T14:22:37Z,2026-09-08T20:30:56Z,zarr-developers,zarr-python,chuckwondo
4000,Run doctests via pytest and fix broken doctests.,PullRequest,https://github.com/zarr-developers/zarr-python/pull/4000,comment,2026-05-22T19:26:48Z,2026-08-24T20:31:00Z,zarr-developers,zarr-python,d-v-b
4003,fix(FsspecStore): close owned async filesystem on store.close(),PullRequest,https://github.com/zarr-developers/zarr-python/pull/4003,comment,2026-05-23T23:18:06Z,2026-08-26T15:01:42Z,zarr-developers,zarr-python,d-v-b
4012,perf: cache lexicographic chunk coords in sharding codec,PullRequest,https://github.com/zarr-developers/zarr-python/pull/4012,comment,2026-05-26T21:02:15Z,2026-09-10T10:31:13Z,zarr-developers,zarr-python,chuckwondo
4014,chore(deps): bump the actions group across 1 directory with 8 updates,PullRequest,https://github.com/zarr-developers/zarr-python/pull/4014,comment,2026-05-28T04:46:15Z,2026-08-27T16:31:37Z,zarr-developers,zarr-python,d-v-b
4024,chore: update pre-commit hooks,PullRequest,https://github.com/zarr-developers/zarr-python/pull/4024,comment,2026-06-01T19:47:32Z,2026-08-31T10:01:26Z,zarr-developers,zarr-python,d-v-b
4028,Add sparse-read primitives: `shards_initialized` and `read_regions`,PullRequest,https://github.com/zarr-developers/zarr-python/pull/4028,comment,2026-06-03T19:21:12Z,2026-08-01T15:06:52Z,zarr-developers,zarr-python,d-v-b
4030,fix(storage): remove VerboseModule to make zarr.storage picklable (gh-4029),PullRequest,https://github.com/zarr-developers/zarr-python/pull/4030,comment,2026-06-03T23:10:59Z,2026-07-12T03:22:03Z,zarr-developers,zarr-python,d-v-b
4034,refactor: one array class,PullRequest,https://github.com/zarr-developers/zarr-python/pull/4034,comment,2026-06-04T11:28:10Z,2026-09-13T15:46:07Z,zarr-developers,zarr-python,kylebarron
4040,poc: ChunkLayout for chunk and shard inspection,PullRequest,https://github.com/zarr-developers/zarr-python/pull/4040,comment,2026-06-05T17:50:58Z,2026-07-31T20:58:51Z,zarr-developers,zarr-python,d-v-b
4041,docs: add AGENTS.md for AI-assisted development,PullRequest,https://github.com/zarr-developers/zarr-python/pull/4041,comment,2026-06-05T17:54:51Z,2026-09-16T11:46:08Z,zarr-developers,zarr-python,d-v-b
4042,prototype for negative caching in StoreCache,PullRequest,https://github.com/zarr-developers/zarr-python/pull/4042,comment,2026-06-05T18:35:28Z,2026-08-14T14:45:00Z,zarr-developers,zarr-python,d-v-b
4052,Modify custom dtype example to use only public API,PullRequest,https://github.com/zarr-developers/zarr-python/pull/4052,comment,2026-06-08T17:45:03Z,2026-09-09T10:30:37Z,zarr-developers,zarr-python,d-v-b
4056,"[docs] very basic zarr tutorial -- ""zarr for absolute beginners""",Issue,https://github.com/zarr-developers/zarr-python/issues/4056,comment,2026-06-10T15:38:01Z,2026-08-17T22:24:33Z,zarr-developers,zarr-python,chuckwondo
4060,fix: copy attributes passed from the user to avoid mutation,PullRequest,https://github.com/zarr-developers/zarr-python/pull/4060,comment,2026-06-11T11:18:23Z,2026-09-09T13:00:55Z,zarr-developers,zarr-python,d-v-b
4063,Add unified JSON metadata validation via msgspec (#3285),PullRequest,https://github.com/zarr-developers/zarr-python/pull/4063,comment,2026-06-15T06:08:58Z,2026-08-13T15:06:53Z,zarr-developers,zarr-python,chuckwondo
4063,Add unified JSON metadata validation via msgspec (#3285),PullRequest,https://github.com/zarr-developers/zarr-python/pull/4063,"comment,review",2026-06-15T06:08:58Z,2026-08-13T15:06:53Z,zarr-developers,zarr-python,d-v-b
4064,[do not merge] zarrs bindings ,PullRequest,https://github.com/zarr-developers/zarr-python/pull/4064,comment,2026-06-16T07:35:04Z,2026-09-13T15:46:09Z,zarr-developers,zarr-python,kylebarron
4070,chore(deps): bump cryptography from 48.0.0 to 48.0.1,PullRequest,https://github.com/zarr-developers/zarr-python/pull/4070,comment,2026-06-16T09:05:18Z,2026-09-14T11:00:38Z,zarr-developers,zarr-python,d-v-b
4075,chore: add rectilinear hypothesis block indexing tests,PullRequest,https://github.com/zarr-developers/zarr-python/pull/4075,comment,2026-06-17T16:29:28Z,2026-09-20T10:31:25Z,zarr-developers,zarr-python,d-v-b
4076,chore: CI worfklows for linting docs,PullRequest,https://github.com/zarr-developers/zarr-python/pull/4076,comment,2026-06-17T18:25:52Z,2026-07-16T15:30:22Z,zarr-developers,zarr-python,chuckwondo
4076,chore: CI worfklows for linting docs,PullRequest,https://github.com/zarr-developers/zarr-python/pull/4076,"comment,review",2026-06-17T18:25:52Z,2026-07-16T15:30:22Z,zarr-developers,zarr-python,d-v-b
4077,Add 'From Zero to Zarr' beginner guide to the Zarr data model,PullRequest,https://github.com/zarr-developers/zarr-python/pull/4077,comment,2026-06-17T23:14:32Z,2026-07-21T23:32:54Z,zarr-developers,zarr-python,d-v-b
4086,test_multiprocessing[fork] fails on Python 3.15,Issue,https://github.com/zarr-developers/zarr-python/issues/4086,comment,2026-06-22T05:24:37Z,2026-07-13T19:14:33Z,zarr-developers,zarr-python,d-v-b
4096,chore: replace hatch environments with uv + ci scripts,PullRequest,https://github.com/zarr-developers/zarr-python/pull/4096,comment,2026-06-24T19:46:16Z,2026-07-22T12:50:43Z,zarr-developers,zarr-python,d-v-b
4103,Fix save/load for scalar arrays,PullRequest,https://github.com/zarr-developers/zarr-python/pull/4103,comment,2026-06-26T13:55:14Z,2026-09-24T14:32:16Z,zarr-developers,zarr-python,d-v-b
4107,fix: implement soft-delete for ZipStore (issue #828),PullRequest,https://github.com/zarr-developers/zarr-python/pull/4107,comment,2026-06-27T19:33:27Z,2026-08-11T01:13:58Z,zarr-developers,zarr-python,d-v-b
4112,Add Store.get_many bulk fetch API,PullRequest,https://github.com/zarr-developers/zarr-python/pull/4112,comment,2026-07-01T20:55:13Z,2026-09-16T11:50:00Z,zarr-developers,zarr-python,d-v-b
4117,fix: skip object store prefix markers in list_dir,PullRequest,https://github.com/zarr-developers/zarr-python/pull/4117,"comment,review",2026-07-02T20:39:18Z,2026-07-14T09:48:17Z,zarr-developers,zarr-python,d-v-b
4119,feat(zarr-metadata): Zarr metadata model layer,PullRequest,https://github.com/zarr-developers/zarr-python/pull/4119,comment,2026-07-05T19:49:19Z,2026-07-28T20:06:03Z,zarr-developers,zarr-python,kylebarron
4130,consider non-mypy type checker,Issue,https://github.com/zarr-developers/zarr-python/issues/4130,comment,2026-07-08T11:05:27Z,2026-08-30T09:08:02Z,zarr-developers,zarr-python,d-v-b
4131,dev blog,Issue,https://github.com/zarr-developers/zarr-python/issues/4131,comment,2026-07-08T12:07:50Z,2026-09-16T11:13:53Z,zarr-developers,zarr-python,d-v-b
4141,v3 structured dtype serialization drops per-field endianness (silent byte-order loss on metadata roundtrip),Issue,https://github.com/zarr-developers/zarr-python/issues/4141,comment,2026-07-13T05:00:21Z,2026-07-14T11:25:17Z,zarr-developers,zarr-python,d-v-b
4144,"Ambiguous byte order semantics for ""container"" data types (namely, `struct`)",Issue,https://github.com/zarr-developers/zarr-python/issues/4144,opened,2026-07-14T11:26:55Z,2026-07-14T11:26:55Z,zarr-developers,zarr-python,d-v-b
4145,chore: add Ilan Gold to the team list,PullRequest,https://github.com/zarr-developers/zarr-python/pull/4145,"comment,review",2026-07-14T14:59:39Z,2026-07-23T20:38:36Z,zarr-developers,zarr-python,d-v-b
4146,fix: let open_like create arrays by default,PullRequest,https://github.com/zarr-developers/zarr-python/pull/4146,"comment,review",2026-07-15T00:29:24Z,2026-07-28T20:24:09Z,zarr-developers,zarr-python,d-v-b
4147,v3 structured dtype: per-field endianness still lost on metadata roundtrip (#4142 covers the write path only; breaks virtual/reference stores),Issue,https://github.com/zarr-developers/zarr-python/issues/4147,comment,2026-07-15T03:57:43Z,2026-07-17T04:17:01Z,zarr-developers,zarr-python,d-v-b
4149,docs: add roadmap page outlining future plans,PullRequest,https://github.com/zarr-developers/zarr-python/pull/4149,"comment,review",2026-07-15T20:08:18Z,2026-08-14T19:36:13Z,zarr-developers,zarr-python,kylebarron
4151,chore(deps): bump the python-dependencies group with 6 updates,PullRequest,https://github.com/zarr-developers/zarr-python/pull/4151,comment,2026-07-16T04:30:02Z,2026-07-23T04:29:41Z,zarr-developers,zarr-python,d-v-b
4152,chore(deps): bump the actions group across 1 directory with 6 updates,PullRequest,https://github.com/zarr-developers/zarr-python/pull/4152,"comment,review",2026-07-16T15:35:30Z,2026-07-17T11:19:05Z,zarr-developers,zarr-python,d-v-b
4153,chore: cleanup indentation and guidance for release,PullRequest,https://github.com/zarr-developers/zarr-python/pull/4153,"comment,review",2026-07-16T16:34:46Z,2026-07-16T17:42:29Z,zarr-developers,zarr-python,d-v-b
4156,buffer aliasing in memory storage w/ no compression,Issue,https://github.com/zarr-developers/zarr-python/issues/4156,"comment,opened",2026-07-16T20:24:37Z,2026-07-30T15:34:15Z,zarr-developers,zarr-python,d-v-b
4159,DOC: Unclear how to use Zarr3 ArrayBytesCodec,Issue,https://github.com/zarr-developers/zarr-python/issues/4159,comment,2026-07-17T18:08:40Z,2026-07-20T13:28:19Z,zarr-developers,zarr-python,d-v-b
4161,LocalStore listing lists .partial temp files,Issue,https://github.com/zarr-developers/zarr-python/issues/4161,comment,2026-07-18T06:31:12Z,2026-07-21T17:00:53Z,zarr-developers,zarr-python,d-v-b
4169,chore(deps): bump pillow from 12.2.0 to 12.3.0,PullRequest,https://github.com/zarr-developers/zarr-python/pull/4169,"comment,review",2026-07-21T15:50:43Z,2026-07-22T21:57:42Z,zarr-developers,zarr-python,d-v-b
4170,arr_1d[np.sort(idx)] can be much faster (CoordinateIndexer fast path),Issue,https://github.com/zarr-developers/zarr-python/issues/4170,comment,2026-07-21T17:56:09Z,2026-07-29T13:13:48Z,zarr-developers,zarr-python,d-v-b
4172,perf(indexing): speed up sorted 1-D coordinate selections,PullRequest,https://github.com/zarr-developers/zarr-python/pull/4172,"comment,review",2026-07-21T21:14:13Z,2026-07-29T13:13:47Z,zarr-developers,zarr-python,d-v-b
4174,set_coordinate_selection runs out-of-memory for large arrays,Issue,https://github.com/zarr-developers/zarr-python/issues/4174,comment,2026-07-22T12:28:43Z,2026-07-22T12:40:50Z,zarr-developers,zarr-python,d-v-b
4175,misplaced metadata creation methods on AsyncArray class,Issue,https://github.com/zarr-developers/zarr-python/issues/4175,"comment,opened",2026-07-22T14:02:45Z,2026-07-22T14:03:03Z,zarr-developers,zarr-python,d-v-b
4176,chore(deps): bump setuptools from 82.0.1 to 83.0.0,PullRequest,https://github.com/zarr-developers/zarr-python/pull/4176,"comment,review",2026-07-22T14:07:44Z,2026-07-22T21:42:22Z,zarr-developers,zarr-python,d-v-b
4178,Unergonomic error for when using the FusedCodecPipeline + Sharding with an inner async-only codec,Issue,https://github.com/zarr-developers/zarr-python/issues/4178,opened,2026-07-22T14:53:28Z,2026-07-29T13:20:41Z,zarr-developers,zarr-python,d-v-b
4181,chore(deps): bump the actions group with 3 updates,PullRequest,https://github.com/zarr-developers/zarr-python/pull/4181,"comment,review",2026-07-23T04:25:29Z,2026-07-27T16:11:53Z,zarr-developers,zarr-python,d-v-b
4183,"fix(ArraySpec): proper and robust equality semantics for ArraySpec by checking fill_value for byte-identicality, fixes #3054.",PullRequest,https://github.com/zarr-developers/zarr-python/pull/4183,"comment,review",2026-07-23T12:06:59Z,2026-07-29T11:43:07Z,zarr-developers,zarr-python,d-v-b
4187,feat: ZipStore accepts open binary file-like objects,PullRequest,https://github.com/zarr-developers/zarr-python/pull/4187,"comment,review",2026-07-26T03:50:36Z,2026-07-28T02:31:15Z,zarr-developers,zarr-python,d-v-b
4189,fix: allow `require_array` to accept a `ZDType`,PullRequest,https://github.com/zarr-developers/zarr-python/pull/4189,"comment,review",2026-07-27T03:28:38Z,2026-08-12T19:29:12Z,zarr-developers,zarr-python,d-v-b
4192,"feat: url-pipeline core — parser, adapter ABC, registry, store hooks",PullRequest,https://github.com/zarr-developers/zarr-python/pull/4192,"comment,review",2026-07-28T12:06:34Z,2026-09-17T21:30:11Z,zarr-developers,zarr-python,d-v-b
4193,Convert rst double-backtick docstring markup to markdown,PullRequest,https://github.com/zarr-developers/zarr-python/pull/4193,"comment,review",2026-07-28T12:36:57Z,2026-08-03T17:15:18Z,zarr-developers,zarr-python,d-v-b
4199,tests/benchmarks/test_e2e.py requires sudo,Issue,https://github.com/zarr-developers/zarr-python/issues/4199,comment,2026-07-29T10:33:39Z,2026-07-29T11:43:38Z,zarr-developers,zarr-python,d-v-b
4207,docs for subpackage(s),Issue,https://github.com/zarr-developers/zarr-python/issues/4207,"comment,opened",2026-07-29T15:45:36Z,2026-07-29T20:44:29Z,zarr-developers,zarr-python,d-v-b
4212,pass ruff >= 0.16,Issue,https://github.com/zarr-developers/zarr-python/issues/4212,opened,2026-07-29T20:45:59Z,2026-08-11T15:32:44Z,zarr-developers,zarr-python,d-v-b
4214,docs: fix link checker errors and warnings; run weekly,PullRequest,https://github.com/zarr-developers/zarr-python/pull/4214,"comment,review",2026-07-30T02:05:29Z,2026-08-03T16:34:35Z,zarr-developers,zarr-python,d-v-b
4215,chore(deps): bump the actions group across 1 directory with 6 updates,PullRequest,https://github.com/zarr-developers/zarr-python/pull/4215,"comment,review",2026-07-30T04:25:34Z,2026-08-06T04:25:49Z,zarr-developers,zarr-python,d-v-b
4216,chore(deps): bump the python-dependencies group across 1 directory with 11 updates,PullRequest,https://github.com/zarr-developers/zarr-python/pull/4216,"comment,review",2026-07-30T04:30:45Z,2026-07-30T12:00:38Z,zarr-developers,zarr-python,d-v-b
4217,fully separate sync and async internal APIs,Issue,https://github.com/zarr-developers/zarr-python/issues/4217,opened,2026-07-30T08:37:57Z,2026-07-30T08:37:57Z,zarr-developers,zarr-python,d-v-b
4220,FsspecStore.from_mapper() fails with DefaultAzureCredential because AzureBlobFileSystem is not JSON serializable,Issue,https://github.com/zarr-developers/zarr-python/issues/4220,comment,2026-07-30T19:36:59Z,2026-08-05T14:34:28Z,zarr-developers,zarr-python,d-v-b
4221,"FsspecStore.from_url() raises ""RuntimeError: Loop is not running"" during interpreter shutdown",Issue,https://github.com/zarr-developers/zarr-python/issues/4221,comment,2026-07-30T19:45:28Z,2026-08-05T14:43:43Z,zarr-developers,zarr-python,d-v-b
4224,test: fix broken `test_docstring_consistent_parameters` and mark `xfail`,PullRequest,https://github.com/zarr-developers/zarr-python/pull/4224,"comment,review",2026-08-01T08:12:37Z,2026-08-08T07:25:21Z,zarr-developers,zarr-python,d-v-b
4225,Fix broken docstring-consistency test - it reveals mismatches in parameter docs,Issue,https://github.com/zarr-developers/zarr-python/issues/4225,comment,2026-08-01T09:44:08Z,2026-08-01T10:44:57Z,zarr-developers,zarr-python,d-v-b
4228,move cachestore out of experimental,Issue,https://github.com/zarr-developers/zarr-python/issues/4228,opened,2026-08-03T07:27:31Z,2026-08-03T07:27:31Z,zarr-developers,zarr-python,d-v-b
4229,docs: show package tag instead of monorepo release in subpackage docs,PullRequest,https://github.com/zarr-developers/zarr-python/pull/4229,"comment,review",2026-08-03T18:24:14Z,2026-09-25T06:21:19Z,zarr-developers,zarr-python,d-v-b
4231,chore: update pre-commit hooks,PullRequest,https://github.com/zarr-developers/zarr-python/pull/4231,"comment,review",2026-08-03T19:31:18Z,2026-09-17T09:27:23Z,zarr-developers,zarr-python,d-v-b
4234,(zarr-metadata) module layout improvements,Issue,https://github.com/zarr-developers/zarr-python/issues/4234,opened,2026-08-05T06:23:27Z,2026-08-05T06:23:27Z,zarr-developers,zarr-python,d-v-b
4235,(zarr-metadata) builder classes,Issue,https://github.com/zarr-developers/zarr-python/issues/4235,opened,2026-08-05T06:57:22Z,2026-08-05T15:40:15Z,zarr-developers,zarr-python,d-v-b
4235,(zarr-metadata) builder classes,Issue,https://github.com/zarr-developers/zarr-python/issues/4235,comment,2026-08-05T06:57:22Z,2026-08-05T15:40:15Z,zarr-developers,zarr-python,kylebarron
4236,(zarr-metadata/zarr-indexing) document RTD slug quirks,Issue,https://github.com/zarr-developers/zarr-python/issues/4236,"comment,opened",2026-08-05T08:17:10Z,2026-09-16T11:11:32Z,zarr-developers,zarr-python,d-v-b
4237,"""ValueError: Input array must be contiguous"" when *cast_value* codec next to *transpose* codec",Issue,https://github.com/zarr-developers/zarr-python/issues/4237,comment,2026-08-05T08:53:45Z,2026-08-13T19:50:09Z,zarr-developers,zarr-python,d-v-b
4238,Fix of #4237 : 'ValueError: Input array must be contiguous' when *cas…,PullRequest,https://github.com/zarr-developers/zarr-python/pull/4238,"comment,review",2026-08-05T09:01:02Z,2026-09-16T09:46:49Z,zarr-developers,zarr-python,d-v-b
4242,chore(deps-dev): bump the python-dependencies group across 1 directory with 5 updates,PullRequest,https://github.com/zarr-developers/zarr-python/pull/4242,"comment,review",2026-08-06T04:29:48Z,2026-08-11T19:16:35Z,zarr-developers,zarr-python,d-v-b
4243,Feature Request: Expose public synchronous encoding/decoding API in Codec / CodecPipeline,Issue,https://github.com/zarr-developers/zarr-python/issues/4243,comment,2026-08-07T09:19:44Z,2026-08-17T16:09:27Z,zarr-developers,zarr-python,d-v-b
4244,Universal-pathlib support for zarr.open,Issue,https://github.com/zarr-developers/zarr-python/issues/4244,comment,2026-08-10T14:45:41Z,2026-08-17T12:41:29Z,zarr-developers,zarr-python,d-v-b
4246,main zarr-python docs should link to subpackages,Issue,https://github.com/zarr-developers/zarr-python/issues/4246,"comment,opened",2026-08-11T16:07:42Z,2026-08-12T09:02:04Z,zarr-developers,zarr-python,d-v-b
4247,docs: add a page linking to the companion packages,PullRequest,https://github.com/zarr-developers/zarr-python/pull/4247,"comment,review",2026-08-11T19:28:23Z,2026-08-12T09:02:03Z,zarr-developers,zarr-python,kylebarron
4250,refresh main `README.md`,Issue,https://github.com/zarr-developers/zarr-python/issues/4250,"comment,opened",2026-08-12T12:35:15Z,2026-08-12T14:46:19Z,zarr-developers,zarr-python,d-v-b
4254,avoid comparing exact output of gzip encoding in codec pipeline tests,Issue,https://github.com/zarr-developers/zarr-python/issues/4254,opened,2026-08-12T14:45:39Z,2026-08-28T20:01:53Z,zarr-developers,zarr-python,d-v-b
4255,Regression in 3.3.0: numpy integer chunk sizes raise TypeError: 'numpy.int64' object is not iterable,Issue,https://github.com/zarr-developers/zarr-python/issues/4255,comment,2026-08-12T19:21:06Z,2026-08-12T20:54:24Z,zarr-developers,zarr-python,d-v-b
4256,Release Zarr-Python v3.4.0,Issue,https://github.com/zarr-developers/zarr-python/issues/4256,"comment,opened",2026-08-12T19:34:02Z,2026-09-16T11:10:31Z,zarr-developers,zarr-python,d-v-b
4258,chore(deps): bump the actions group with 4 updates,PullRequest,https://github.com/zarr-developers/zarr-python/pull/4258,"comment,review",2026-08-13T04:26:04Z,2026-08-13T05:41:20Z,zarr-developers,zarr-python,d-v-b
4259,chore(deps): bump the python-dependencies group with 6 updates,PullRequest,https://github.com/zarr-developers/zarr-python/pull/4259,"comment,review",2026-08-13T04:29:51Z,2026-08-13T08:16:33Z,zarr-developers,zarr-python,d-v-b
4267,Array position aware Bytes to Bytes Codec,Discussion,https://github.com/zarr-developers/zarr-python/discussions/4267,discussion,2026-08-14T14:08:57Z,2026-08-19T10:10:16Z,zarr-developers,zarr-python,d-v-b
4268,subpackage for chunk key encodings,Issue,https://github.com/zarr-developers/zarr-python/issues/4268,opened,2026-08-16T14:18:13Z,2026-08-16T14:18:13Z,zarr-developers,zarr-python,d-v-b
4269,Zarr 3.0 Codec Registry,Discussion,https://github.com/zarr-developers/zarr-python/discussions/4269,discussion,2026-08-17T20:51:13Z,2026-08-18T07:09:02Z,zarr-developers,zarr-python,d-v-b
4270,fix: skip exact byte comparison for gzip codec due to timestamp variance,PullRequest,https://github.com/zarr-developers/zarr-python/pull/4270,"comment,review",2026-08-18T03:29:43Z,2026-08-28T20:01:52Z,zarr-developers,zarr-python,d-v-b
4271,handle missing codecs by telling users what package to install to get the codec,Issue,https://github.com/zarr-developers/zarr-python/issues/4271,opened,2026-08-18T07:25:54Z,2026-08-30T14:31:32Z,zarr-developers,zarr-python,d-v-b
4272,"A rectilinear chunk spec with a short trailing chunk is silently normalized to a regular grid, changing resize semantics",Issue,https://github.com/zarr-developers/zarr-python/issues/4272,comment,2026-08-19T20:47:02Z,2026-09-09T07:51:07Z,zarr-developers,zarr-python,d-v-b
4273,"The ""Nightly Hypothesis tests failed"" auto-issue has never been filed: all 30 retained nightly failures died in the report step",Issue,https://github.com/zarr-developers/zarr-python/issues/4273,comment,2026-08-19T21:38:20Z,2026-08-20T07:46:26Z,zarr-developers,zarr-python,d-v-b
4274,fix: make the nightly hypothesis failure alarm able to file issues,PullRequest,https://github.com/zarr-developers/zarr-python/pull/4274,"comment,review",2026-08-19T22:26:07Z,2026-08-20T07:46:25Z,zarr-developers,zarr-python,d-v-b
4277,feat: name packages that provide a codec zarr cannot find,PullRequest,https://github.com/zarr-developers/zarr-python/pull/4277,"comment,review",2026-08-20T06:00:22Z,2026-08-30T14:32:18Z,zarr-developers,zarr-python,d-v-b
4278,chore(deps): bump the python-dependencies group across 1 directory with 7 updates,PullRequest,https://github.com/zarr-developers/zarr-python/pull/4278,"comment,review",2026-08-20T07:53:51Z,2026-08-21T08:55:23Z,zarr-developers,zarr-python,d-v-b
4279,fix: reject a string-valued zero scale in the scale_offset codec,PullRequest,https://github.com/zarr-developers/zarr-python/pull/4279,"comment,review",2026-08-21T20:16:57Z,2026-08-22T12:07:01Z,zarr-developers,zarr-python,d-v-b
4282,"CacheStore never initializes its LRU from an existing cache_store, so a persistent cache directory can grow by a further full max_size for every process that opens it",Issue,https://github.com/zarr-developers/zarr-python/issues/4282,comment,2026-08-24T18:20:50Z,2026-08-26T06:42:48Z,zarr-developers,zarr-python,d-v-b
4284,fix: shape the value buffer for coordinate selections in sharded writes,PullRequest,https://github.com/zarr-developers/zarr-python/pull/4284,"comment,review",2026-08-25T13:52:05Z,2026-09-04T09:00:08Z,zarr-developers,zarr-python,d-v-b
4286,fix: unsigned index arrays raise IndexError because np.diff wraps and uint64 promotes,PullRequest,https://github.com/zarr-developers/zarr-python/pull/4286,"comment,review",2026-08-25T20:38:55Z,2026-09-09T12:39:46Z,zarr-developers,zarr-python,d-v-b
4288,fix: keep fill value and attributes in from_array,PullRequest,https://github.com/zarr-developers/zarr-python/pull/4288,"comment,review",2026-08-26T03:51:27Z,2026-08-26T09:54:27Z,zarr-developers,zarr-python,d-v-b
4289,docs: use in-memory stores for examples that don't demonstrate disk storage,PullRequest,https://github.com/zarr-developers/zarr-python/pull/4289,comment,2026-08-26T07:11:37Z,2026-09-06T18:38:26Z,zarr-developers,zarr-python,d-v-b
4290,fix: honor rectilinear chunk-grid requests with uniform edges,PullRequest,https://github.com/zarr-developers/zarr-python/pull/4290,comment,2026-08-26T12:14:49Z,2026-09-16T11:32:20Z,zarr-developers,zarr-python,d-v-b
4291,"DOC: zarr-http-server docs are incomplete, missing guide.md",Issue,https://github.com/zarr-developers/zarr-python/issues/4291,comment,2026-08-26T15:45:13Z,2026-08-26T19:18:11Z,zarr-developers,zarr-python,d-v-b
4293,`to_thread` is slow,Issue,https://github.com/zarr-developers/zarr-python/issues/4293,opened,2026-08-26T21:00:54Z,2026-08-26T21:39:50Z,zarr-developers,zarr-python,d-v-b
4294,chore(deps): bump the actions group across 1 directory with 4 updates,PullRequest,https://github.com/zarr-developers/zarr-python/pull/4294,"comment,review",2026-08-27T04:26:54Z,2026-08-27T06:43:58Z,zarr-developers,zarr-python,d-v-b
4295,chore(deps): bump the python-dependencies group with 7 updates,PullRequest,https://github.com/zarr-developers/zarr-python/pull/4295,"comment,review",2026-08-27T04:30:53Z,2026-08-27T07:00:49Z,zarr-developers,zarr-python,d-v-b
4297,docs: document Read the Docs slugs for subpackage releases,PullRequest,https://github.com/zarr-developers/zarr-python/pull/4297,"comment,review",2026-08-30T04:20:28Z,2026-09-02T17:50:13Z,zarr-developers,zarr-python,d-v-b
4299,chore(deps): raise numcodes >= 0.16.3 for gcc>=15 support,PullRequest,https://github.com/zarr-developers/zarr-python/pull/4299,comment,2026-08-31T13:25:21Z,2026-08-31T18:51:20Z,zarr-developers,zarr-python,d-v-b
4303,v3 zarr files with blosc compression fail to open because 'nthreads' kwarg.,Issue,https://github.com/zarr-developers/zarr-python/issues/4303,comment,2026-09-01T10:15:40Z,2026-09-02T06:59:29Z,zarr-developers,zarr-python,d-v-b
4305,Fix infinite loop in _guess_num_chunks_per_axis_shard for 0-dimensional arrays,PullRequest,https://github.com/zarr-developers/zarr-python/pull/4305,"comment,review",2026-09-01T12:44:05Z,2026-09-02T11:07:07Z,zarr-developers,zarr-python,d-v-b
4306,A decoded-chunk cache for v3 reads (revisiting the v2-era #278 / #306),Issue,https://github.com/zarr-developers/zarr-python/issues/4306,comment,2026-09-02T08:03:01Z,2026-09-02T08:52:02Z,zarr-developers,zarr-python,d-v-b
4308,chore(deps): bump CodSpeedHQ/action from 5.0.3 to 5.2.1 in the actions group,PullRequest,https://github.com/zarr-developers/zarr-python/pull/4308,"comment,review",2026-09-03T04:25:44Z,2026-09-03T09:42:17Z,zarr-developers,zarr-python,d-v-b
4309,chore(deps-dev): bump the python-dependencies group with 5 updates,PullRequest,https://github.com/zarr-developers/zarr-python/pull/4309,"comment,review",2026-09-03T04:29:35Z,2026-09-03T09:56:00Z,zarr-developers,zarr-python,d-v-b
4312,chore(deps-dev): bump mkdocs-material from 9.7.6 to 9.7.7 in /packages/zarr-metadata in the pip group across 1 directory,PullRequest,https://github.com/zarr-developers/zarr-python/pull/4312,"comment,review",2026-09-04T00:44:22Z,2026-09-04T07:50:55Z,zarr-developers,zarr-python,d-v-b
4315,bug(indexing): oindex with mixed numpy array and integer indexing fails,Issue,https://github.com/zarr-developers/zarr-python/issues/4315,opened,2026-09-04T08:34:52Z,2026-09-04T16:02:20Z,zarr-developers,zarr-python,d-v-b
4317,how to integrate subpackages,Issue,https://github.com/zarr-developers/zarr-python/issues/4317,opened,2026-09-04T11:28:13Z,2026-09-04T11:28:13Z,zarr-developers,zarr-python,d-v-b
4320,drop our donfig dependency?,Issue,https://github.com/zarr-developers/zarr-python/issues/4320,opened,2026-09-06T18:23:17Z,2026-09-15T16:22:37Z,zarr-developers,zarr-python,d-v-b
4322,chore(deps-dev): bump httpx2 from 2.9.1 to 2.12.0 in /packages/zarr-http-server in the uv group across 1 directory,PullRequest,https://github.com/zarr-developers/zarr-python/pull/4322,"comment,review",2026-09-08T22:56:00Z,2026-09-09T16:52:17Z,zarr-developers,zarr-python,d-v-b
4336,chore(deps): bump zizmorcore/zizmor-action from 0.6.2 to 0.6.3 in the actions group,PullRequest,https://github.com/zarr-developers/zarr-python/pull/4336,"comment,review",2026-09-10T04:25:32Z,2026-09-11T18:57:45Z,zarr-developers,zarr-python,d-v-b
4337,chore(deps): bump the python-dependencies group with 6 updates,PullRequest,https://github.com/zarr-developers/zarr-python/pull/4337,"comment,review",2026-09-10T04:29:47Z,2026-09-11T18:27:14Z,zarr-developers,zarr-python,d-v-b
4341,merge queue,Issue,https://github.com/zarr-developers/zarr-python/issues/4341,opened,2026-09-12T15:51:28Z,2026-09-12T15:51:28Z,zarr-developers,zarr-python,d-v-b
4354,codec validation requires chunk grid info,Issue,https://github.com/zarr-developers/zarr-python/issues/4354,opened,2026-09-14T11:32:44Z,2026-09-14T11:32:44Z,zarr-developers,zarr-python,d-v-b
4358,fix(store): retry the LocalStore rename when the destination is busy,PullRequest,https://github.com/zarr-developers/zarr-python/pull/4358,"comment,review",2026-09-15T14:17:09Z,2026-09-15T14:57:41Z,zarr-developers,zarr-python,d-v-b
4362,Bad assert usage,Issue,https://github.com/zarr-developers/zarr-python/issues/4362,comment,2026-09-16T09:54:23Z,2026-09-16T11:10:04Z,zarr-developers,zarr-python,d-v-b
4367,"bug(ci): the downstream xarray job tests the released zarr, not the branch — both v3.4.0 gate runs cited in #4256 print `zarr 3.3.0`",Issue,https://github.com/zarr-developers/zarr-python/issues/4367,comment,2026-09-16T15:26:45Z,2026-09-17T08:16:00Z,zarr-developers,zarr-python,d-v-b
4368,fix(ci): preserve branch zarr in xarray downstream tests,PullRequest,https://github.com/zarr-developers/zarr-python/pull/4368,"comment,review",2026-09-17T00:48:01Z,2026-09-17T08:15:59Z,zarr-developers,zarr-python,d-v-b
4369,fix(store): don't pin from_url filesystems in fsspec's instance cache,PullRequest,https://github.com/zarr-developers/zarr-python/pull/4369,"comment,review",2026-09-17T02:41:27Z,2026-09-24T10:54:07Z,zarr-developers,zarr-python,d-v-b
4370,chore(deps): bump the actions group across 1 directory with 4 updates,PullRequest,https://github.com/zarr-developers/zarr-python/pull/4370,"comment,review",2026-09-17T04:25:49Z,2026-09-17T09:47:35Z,zarr-developers,zarr-python,d-v-b
4371,chore(deps): bump the python-dependencies group with 5 updates,PullRequest,https://github.com/zarr-developers/zarr-python/pull/4371,"comment,review",2026-09-17T04:27:38Z,2026-09-17T06:26:24Z,zarr-developers,zarr-python,d-v-b
4374,Mixed regular/rectilinear chunk grids written by 3.2.x are unreadable by 3.3+,Issue,https://github.com/zarr-developers/zarr-python/issues/4374,comment,2026-09-18T15:57:13Z,2026-09-18T16:09:32Z,zarr-developers,zarr-python,d-v-b
4381,fix: accept uint8 dtype aliases in Zarr v2,PullRequest,https://github.com/zarr-developers/zarr-python/pull/4381,"comment,review",2026-09-20T10:32:50Z,2026-09-23T07:33:50Z,zarr-developers,zarr-python,d-v-b
4382,perf: cut the fill_value check on the chunk write path,PullRequest,https://github.com/zarr-developers/zarr-python/pull/4382,"comment,review",2026-09-20T20:50:29Z,2026-09-23T14:03:55Z,zarr-developers,zarr-python,d-v-b
4393,chore(deps): bump codecov/codecov-action from 7.0.0 to 7.1.1 in the actions group,PullRequest,https://github.com/zarr-developers/zarr-python/pull/4393,"comment,review",2026-09-24T04:26:03Z,2026-09-24T09:01:35Z,zarr-developers,zarr-python,d-v-b
4394,chore(deps-dev): bump the python-dependencies group with 4 updates,PullRequest,https://github.com/zarr-developers/zarr-python/pull/4394,"comment,review",2026-09-24T04:27:46Z,2026-09-24T08:28:02Z,zarr-developers,zarr-python,d-v-b
4396,chore: bump numcodecs min version,PullRequest,https://github.com/zarr-developers/zarr-python/pull/4396,"comment,review",2026-09-24T08:05:34Z,2026-09-24T08:42:51Z,zarr-developers,zarr-python,d-v-b
4398,improve codec encoded size API,Issue,https://github.com/zarr-developers/zarr-python/issues/4398,opened,2026-09-24T09:58:05Z,2026-09-24T09:58:05Z,zarr-developers,zarr-python,d-v-b
4399,A Zarr serialization protocol,Issue,https://github.com/zarr-developers/zarr-python/issues/4399,opened,2026-09-24T10:39:48Z,2026-09-24T10:39:48Z,zarr-developers,zarr-python,d-v-b
4404,require opt-in to access the pickle codec,Issue,https://github.com/zarr-developers/zarr-python/issues/4404,opened,2026-09-24T18:26:56Z,2026-09-24T18:26:56Z,zarr-developers,zarr-python,d-v-b
4405,Fix/from array overwrite source,PullRequest,https://github.com/zarr-developers/zarr-python/pull/4405,comment,2026-09-24T21:21:46Z,2026-09-25T16:10:40Z,zarr-developers,zarr-python,d-v-b
4411,no internal **kwargs,Issue,https://github.com/zarr-developers/zarr-python/issues/4411,opened,2026-09-25T07:33:44Z,2026-09-27T19:46:41Z,zarr-developers,zarr-python,d-v-b
4416,fix(dtype): accept platform-equivalent numpy dtypes in from_native_dtype,PullRequest,https://github.com/zarr-developers/zarr-python/pull/4416,comment,2026-09-26T04:47:10Z,2026-09-28T13:16:02Z,zarr-developers,zarr-python,d-v-b
4437,"A sharding codec inside another is never validated, and an inner chunk shape that does not divide corrupts data silently",Issue,https://github.com/zarr-developers/zarr-python/issues/4437,opened,2026-09-27T19:12:59Z,2026-09-28T07:58:25Z,zarr-developers,zarr-python,d-v-b
4438,Being able to express multiple range selections on one axis,Issue,https://github.com/zarr-developers/zarr-python/issues/4438,comment,2026-09-27T19:35:36Z,2026-09-28T11:06:27Z,zarr-developers,zarr-python,d-v-b
